{
  "type": "FeatureCollection",
  "generator": "overpass-turbo",
  "copyright": "The data included in this document is from www.openstreetmap.org. The data is made available under ODbL.",
  "timestamp": "2026-06-01T08:52:28Z",
  "features": [
    {
      "type": "Feature",
      "properties": {
        "@id": "way/39513493",
        "leisure": "park",
        "name": "Công viên số 1 Lý Thái Tổ",
        "@geometry": "center"
      },
      "geometry": {
        "type": "Point",
        "coordinates": [
          106.6794023,
          10.7651628
        ]
      },
      "id": "way/39513493"
    },
    {
      "type": "Feature",
      "properties": {
        "@id": "way/39619627",
        "alt_name": "Nhà thờ Ngã Sáu",
        "amenity": "place_of_worship",
        "building": "church",
        "denomination": "roman_catholic",
        "name": "Nhà thờ Thánh Jeanne d'Arc",
        "name:en": "Church of St Joan of Arc",
        "name:fr": "L’église de la Sainte Jeanne d’Arc",
        "name:id": "Gereja Katolik Santa Jeanne d’Arc",
        "name:zh": "圣女贞德教堂",
        "religion": "christian",
        "tourism": "attraction",
        "@geometry": "center"
      },
      "geometry": {
        "type": "Point",
        "coordinates": [
          106.667369,
          10.7570415
        ]
      },
      "id": "way/39619627"
    },
    {
      "type": "Feature",
      "properties": {
        "@id": "way/39619657",
        "amenity": "place_of_worship",
        "building": "church",
        "name": "Nhà thờ Chợ Quán",
        "religion": "christian",
        "@geometry": "center"
      },
      "geometry": {
        "type": "Point",
        "coordinates": [
          106.681733,
          10.7573309
        ]
      },
      "id": "way/39619657"
    },
    {
      "type": "Feature",
      "properties": {
        "@id": "way/140703174",
        "name": "Khách sạn Equatorial",
        "tourism": "hotel",
        "@geometry": "center"
      },
      "geometry": {
        "type": "Point",
        "coordinates": [
          106.6791927,
          10.7633463
        ]
      },
      "id": "way/140703174"
    },
    {
      "type": "Feature",
      "properties": {
        "@id": "way/140703175",
        "leisure": "sports_centre",
        "name": "Lam Sơn Football Field",
        "@geometry": "center"
      },
      "geometry": {
        "type": "Point",
        "coordinates": [
          106.6800624,
          10.7623553
        ]
      },
      "id": "way/140703175"
    },
    {
      "type": "Feature",
      "properties": {
        "@id": "way/152990635",
        "amenity": "marketplace",
        "building": "retail",
        "name": "Chợ An Đông",
        "name:en": "An Dong Market",
        "name:zh": "安東市場",
        "official_name": "Trung tâm Thương mại - Dịch vụ An Đông",
        "@geometry": "center"
      },
      "geometry": {
        "type": "Point",
        "coordinates": [
          106.6721844,
          10.7581051
        ]
      },
      "id": "way/152990635"
    },
    {
      "type": "Feature",
      "properties": {
        "@id": "way/152992729",
        "amenity": "marketplace",
        "name": "Chợ hoa Hồ Thị Kỷ",
        "name:en": "Ho Thi Ky Flower Market",
        "name:vi": "Chợ hoa Hồ Thị Kỷ",
        "@geometry": "center"
      },
      "geometry": {
        "type": "Point",
        "coordinates": [
          106.6772919,
          10.7657014
        ]
      },
      "id": "way/152992729"
    },
    {
      "type": "Feature",
      "properties": {
        "@id": "way/164922736",
        "leisure": "park",
        "name": "Công viên Hòa Bình",
        "wikipedia": "vi:Công viên Hòa Bình",
        "@geometry": "center"
      },
      "geometry": {
        "type": "Point",
        "coordinates": [
          106.673803,
          10.7605682
        ]
      },
      "id": "way/164922736"
    },
    {
      "type": "Feature",
      "properties": {
        "@id": "way/165398105",
        "addr:city": "Ho Chi Minh City",
        "addr:postcode": "70000",
        "leisure": "park",
        "opening_hours": "24/7",
        "operator": "The Garden Mall",
        "@geometry": "center"
      },
      "geometry": {
        "type": "Point",
        "coordinates": [
          106.6578875,
          10.7547935
        ]
      },
      "id": "way/165398105"
    },
    {
      "type": "Feature",
      "properties": {
        "@id": "way/165398107",
        "leisure": "park",
        "name": "Công viên Văn Lang",
        "name:en": "Van Lang Park",
        "name:zh": "文朗公园",
        "@geometry": "center"
      },
      "geometry": {
        "type": "Point",
        "coordinates": [
          106.6675432,
          10.7565933
        ]
      },
      "id": "way/165398107"
    },
    {
      "type": "Feature",
      "properties": {
        "@id": "way/189017103",
        "leisure": "park",
        "name": "Công viên Dạ Trạch",
        "@geometry": "center"
      },
      "geometry": {
        "type": "Point",
        "coordinates": [
          106.6668841,
          10.7566797
        ]
      },
      "id": "way/189017103"
    },
    {
      "type": "Feature",
      "properties": {
        "@id": "way/189027769",
        "leisure": "park",
        "@geometry": "center"
      },
      "geometry": {
        "type": "Point",
        "coordinates": [
          106.6582596,
          10.7507754
        ]
      },
      "id": "way/189027769"
    },
    {
      "type": "Feature",
      "properties": {
        "@id": "way/189027770",
        "leisure": "park",
        "@geometry": "center"
      },
      "geometry": {
        "type": "Point",
        "coordinates": [
          106.6491839,
          10.7480496
        ]
      },
      "id": "way/189027770"
    },
    {
      "type": "Feature",
      "properties": {
        "@id": "way/189027781",
        "leisure": "park",
        "name": "Công viên Cửu Long",
        "name:en": "Cuu Long Park",
        "name:vi": "Công viên Cửu Long",
        "name:zh": "九龍公園",
        "@geometry": "center"
      },
      "geometry": {
        "type": "Point",
        "coordinates": [
          106.6538952,
          10.7508243
        ]
      },
      "id": "way/189027781"
    },
    {
      "type": "Feature",
      "properties": {
        "@id": "way/189027782",
        "amenity": "marketplace",
        "building": "yes",
        "name": "Chợ Kim Biên",
        "name:en": "Kim Bien Market",
        "name:fr": "Le marché Kim Biên",
        "name:id": "Pasar Kim Bien",
        "name:ru": "Рынок Ким Бьен",
        "name:vi": "Chợ Kim Biên",
        "name:zh": "金邊市場",
        "@geometry": "center"
      },
      "geometry": {
        "type": "Point",
        "coordinates": [
          106.6559414,
          10.7500448
        ]
      },
      "id": "way/189027782"
    },
    {
      "type": "Feature",
      "properties": {
        "@id": "way/189027784",
        "leisure": "park",
        "name": "Công viên Lê Lợi",
        "@geometry": "center"
      },
      "geometry": {
        "type": "Point",
        "coordinates": [
          106.6493176,
          10.7473738
        ]
      },
      "id": "way/189027784"
    },
    {
      "type": "Feature",
      "properties": {
        "@id": "way/189027787",
        "leisure": "park",
        "name": "Công viên Võ Văn Kiệt",
        "@geometry": "center"
      },
      "geometry": {
        "type": "Point",
        "coordinates": [
          106.6684476,
          10.7507013
        ]
      },
      "id": "way/189027787"
    },
    {
      "type": "Feature",
      "properties": {
        "@id": "way/189027791",
        "leisure": "park",
        "@geometry": "center"
      },
      "geometry": {
        "type": "Point",
        "coordinates": [
          106.6562043,
          10.7509004
        ]
      },
      "id": "way/189027791"
    },
    {
      "type": "Feature",
      "properties": {
        "@id": "way/189027797",
        "leisure": "park",
        "name": "Công viên Võ Văn Kiệt",
        "@geometry": "center"
      },
      "geometry": {
        "type": "Point",
        "coordinates": [
          106.6711691,
          10.7501567
        ]
      },
      "id": "way/189027797"
    },
    {
      "type": "Feature",
      "properties": {
        "@id": "way/189027800",
        "leisure": "park",
        "@geometry": "center"
      },
      "geometry": {
        "type": "Point",
        "coordinates": [
          106.6569351,
          10.7508469
        ]
      },
      "id": "way/189027800"
    },
    {
      "type": "Feature",
      "properties": {
        "@id": "way/189027822",
        "leisure": "park",
        "@geometry": "center"
      },
      "geometry": {
        "type": "Point",
        "coordinates": [
          106.6551828,
          10.7509195
        ]
      },
      "id": "way/189027822"
    },
    {
      "type": "Feature",
      "properties": {
        "@id": "way/189067538",
        "building": "yes",
        "name": "Coopmart Lý Thường Kiệt",
        "shop": "supermarket",
        "@geometry": "center"
      },
      "geometry": {
        "type": "Point",
        "coordinates": [
          106.6615013,
          10.7598115
        ]
      },
      "id": "way/189067538"
    },
    {
      "type": "Feature",
      "properties": {
        "@id": "way/193942947",
        "leisure": "park",
        "name": "Công viên Phường 2",
        "@geometry": "center"
      },
      "geometry": {
        "type": "Point",
        "coordinates": [
          106.6836928,
          10.7487485
        ]
      },
      "id": "way/193942947"
    },
    {
      "type": "Feature",
      "properties": {
        "@id": "way/227891569",
        "leisure": "park",
        "@geometry": "center"
      },
      "geometry": {
        "type": "Point",
        "coordinates": [
          106.6705577,
          10.7500176
        ]
      },
      "id": "way/227891569"
    },
    {
      "type": "Feature",
      "properties": {
        "@id": "way/227891585",
        "leisure": "park",
        "@geometry": "center"
      },
      "geometry": {
        "type": "Point",
        "coordinates": [
          106.6687595,
          10.7503332
        ]
      },
      "id": "way/227891585"
    },
    {
      "type": "Feature",
      "properties": {
        "@id": "way/289968620",
        "addr:housenumber": "235",
        "addr:street": "Nguyễn Văn Cừ",
        "building": "yes",
        "name": "Trung Tâm Mua Sắm Nowzone",
        "shop": "mall",
        "@geometry": "center"
      },
      "geometry": {
        "type": "Point",
        "coordinates": [
          106.6824608,
          10.7643362
        ]
      },
      "id": "way/289968620"
    },
    {
      "type": "Feature",
      "properties": {
        "@id": "way/289968621",
        "addr:housenumber": "235",
        "addr:street": "Nguyễn Văn Cừ",
        "building": "yes",
        "name": "Khách sạn Nikko Saigon",
        "phone": "+84 8 39257777",
        "stars": "5",
        "tourism": "hotel",
        "website": "https://www.hotelnikkosaigon.com.vn/",
        "@geometry": "center"
      },
      "geometry": {
        "type": "Point",
        "coordinates": [
          106.6830061,
          10.764313
        ]
      },
      "id": "way/289968621"
    },
    {
      "type": "Feature",
      "properties": {
        "@id": "way/302293102",
        "building": "yes",
        "name": "Nhà khách Phương Nam",
        "tourism": "hotel",
        "@geometry": "center"
      },
      "geometry": {
        "type": "Point",
        "coordinates": [
          106.6852124,
          10.7616112
        ]
      },
      "id": "way/302293102"
    },
    {
      "type": "Feature",
      "properties": {
        "@id": "way/302293119",
        "leisure": "park",
        "@geometry": "center"
      },
      "geometry": {
        "type": "Point",
        "coordinates": [
          106.6853746,
          10.7623725
        ]
      },
      "id": "way/302293119"
    },
    {
      "type": "Feature",
      "properties": {
        "@id": "way/316633363",
        "addr:district": "Quận 11",
        "addr:housenumber": "129",
        "addr:province": "Thành phố Hồ Chí Minh",
        "addr:street": "Đường Phó Cơ Điều",
        "addr:subdistrict": "Phường 6",
        "alt_name": "Chợ Phó Cơ Điều",
        "amenity": "marketplace",
        "building": "yes",
        "name": "Chợ Thiếc",
        "old_name": "Marché Docteur Gaillard",
        "opening_hours": "06:00-19:00",
        "@geometry": "center"
      },
      "geometry": {
        "type": "Point",
        "coordinates": [
          106.6567232,
          10.7598051
        ]
      },
      "id": "way/316633363"
    },
    {
      "type": "Feature",
      "properties": {
        "@id": "way/319782550",
        "amenity": "marketplace",
        "building": "yes",
        "name": "Chợ Nguyễn Tri Phương",
        "@geometry": "center"
      },
      "geometry": {
        "type": "Point",
        "coordinates": [
          106.6637169,
          10.7644473
        ]
      },
      "id": "way/319782550"
    },
    {
      "type": "Feature",
      "properties": {
        "@id": "way/327192429",
        "addr:housenumber": "314",
        "addr:street": "Đường Nguyễn Tri Phương",
        "amenity": "place_of_worship",
        "denomination": "evangelical",
        "name": "Hội Thánh Tin Lành Nguyễn Tri Phương",
        "religion": "christian",
        "@geometry": "center"
      },
      "geometry": {
        "type": "Point",
        "coordinates": [
          106.6642777,
          10.7658721
        ]
      },
      "id": "way/327192429"
    },
    {
      "type": "Feature",
      "properties": {
        "@id": "way/327192432",
        "addr:city": "Thành phố Hồ Chí Minh",
        "addr:district": "Quận 11",
        "addr:housenumber": "915",
        "addr:street": "Đường 3 Tháng 2",
        "addr:subdistrict": "Phường 7",
        "building": "yes",
        "email": "phothohotel@hcm.vnn.vn",
        "internet_access": "wlan",
        "internet_access:fee": "no",
        "name": "Khách sạn Phú Thọ",
        "name:en": "Phú Thọ Hotel",
        "phone": "08 38 55 13 10",
        "tourism": "hotel",
        "website": "https://phuthohotel.com.vn/",
        "@geometry": "center"
      },
      "geometry": {
        "type": "Point",
        "coordinates": [
          106.6576695,
          10.7623507
        ]
      },
      "id": "way/327192432"
    },
    {
      "type": "Feature",
      "properties": {
        "@id": "way/327192435",
        "addr:district": "Quận 10",
        "addr:housenumber": "633",
        "addr:province": "Hồ Chí Minh",
        "addr:street": "Đường 3 Tháng 2",
        "addr:subdistrict": "Phường 8",
        "amenity": "place_of_worship",
        "building": "yes",
        "building:levels": "10",
        "name": "Văn Phòng Tổng Liên Hội",
        "name:en": "ECVN Head Office",
        "religion": "christian",
        "@geometry": "center"
      },
      "geometry": {
        "type": "Point",
        "coordinates": [
          106.6644481,
          10.7659237
        ]
      },
      "id": "way/327192435"
    },
    {
      "type": "Feature",
      "properties": {
        "@id": "way/331167434",
        "building": "yes",
        "leisure": "sports_centre",
        "name": "Nhà Tập luyện TDTT Phú Thọ",
        "@geometry": "center"
      },
      "geometry": {
        "type": "Point",
        "coordinates": [
          106.6582537,
          10.7676139
        ]
      },
      "id": "way/331167434"
    },
    {
      "type": "Feature",
      "properties": {
        "@id": "way/331167435",
        "brand": "PNC",
        "building": "yes",
        "name": "Nhà sách Phương Nam - Phú Thọ",
        "shop": "books",
        "@geometry": "center"
      },
      "geometry": {
        "type": "Point",
        "coordinates": [
          106.6586287,
          10.7636523
        ]
      },
      "id": "way/331167435"
    },
    {
      "type": "Feature",
      "properties": {
        "@id": "way/358295779",
        "addr:city": "Ho Chi Minh City",
        "addr:district": "11",
        "addr:street": "Đường Lãnh Binh Thăng",
        "addr:subdistrict": "13",
        "amenity": "marketplace",
        "building": "yes",
        "name": "Chợ Phú Thọ",
        "@geometry": "center"
      },
      "geometry": {
        "type": "Point",
        "coordinates": [
          106.6540696,
          10.7626601
        ]
      },
      "id": "way/358295779"
    },
    {
      "type": "Feature",
      "properties": {
        "@id": "way/366664396",
        "addr:district": "Quận 8",
        "addr:province": "Ho Chi Minh City",
        "addr:street": "Đường Xóm Củi",
        "addr:subdistrict": "Phường 11",
        "amenity": "marketplace",
        "building": "yes",
        "name": "Chợ Xóm Củi",
        "name:en": "Xom Cui Market",
        "name:fr": "Marché de Xom-Cui",
        "@geometry": "center"
      },
      "geometry": {
        "type": "Point",
        "coordinates": [
          106.661018,
          10.7459362
        ]
      },
      "id": "way/366664396"
    },
    {
      "type": "Feature",
      "properties": {
        "@id": "way/376049872",
        "building": "yes",
        "name": "Nhà sách Minh Khai",
        "operator": "Minh Khai bookstore",
        "shop": "books",
        "@geometry": "center"
      },
      "geometry": {
        "type": "Point",
        "coordinates": [
          106.6832179,
          10.7666914
        ]
      },
      "id": "way/376049872"
    },
    {
      "type": "Feature",
      "properties": {
        "@id": "way/419478160",
        "addr:street": "Đường Trần Hưng Ðạo",
        "building": "yes",
        "name": "Arc en Ciel",
        "tourism": "hotel",
        "@geometry": "center"
      },
      "geometry": {
        "type": "Point",
        "coordinates": [
          106.6646109,
          10.7521341
        ]
      },
      "id": "way/419478160"
    },
    {
      "type": "Feature",
      "properties": {
        "@id": "way/419478165",
        "building": "yes",
        "name": "Khách sạn Tân Thủ Đô",
        "tourism": "hotel",
        "@geometry": "center"
      },
      "geometry": {
        "type": "Point",
        "coordinates": [
          106.6582115,
          10.7539031
        ]
      },
      "id": "way/419478165"
    },
    {
      "type": "Feature",
      "properties": {
        "@id": "way/420032375",
        "addr:district": "Quận 8",
        "addr:province": "Hồ Chí Minh",
        "addr:street": "Phạm Thế Hiển",
        "addr:subdistrict": "Phường 4",
        "amenity": "marketplace",
        "building": "yes",
        "name": "Chợ Phạm Thế Hiển",
        "@geometry": "center"
      },
      "geometry": {
        "type": "Point",
        "coordinates": [
          106.6711226,
          10.74323
        ]
      },
      "id": "way/420032375"
    },
    {
      "type": "Feature",
      "properties": {
        "@id": "way/420287563",
        "amenity": "place_of_worship",
        "name": "Chùa An Phú",
        "religion": "buddhist",
        "@geometry": "center"
      },
      "geometry": {
        "type": "Point",
        "coordinates": [
          106.6688012,
          10.7474312
        ]
      },
      "id": "way/420287563"
    },
    {
      "type": "Feature",
      "properties": {
        "@id": "way/420287564",
        "amenity": "place_of_worship",
        "name": "Chùa Huệ Lâm",
        "religion": "buddhist",
        "@geometry": "center"
      },
      "geometry": {
        "type": "Point",
        "coordinates": [
          106.6639538,
          10.7481999
        ]
      },
      "id": "way/420287564"
    },
    {
      "type": "Feature",
      "properties": {
        "@id": "way/420287568",
        "addr:street": "Bến Ba Đình",
        "amenity": "marketplace",
        "building": "yes",
        "name": "Chợ Ba Đình",
        "@geometry": "center"
      },
      "geometry": {
        "type": "Point",
        "coordinates": [
          106.6684476,
          10.7482358
        ]
      },
      "id": "way/420287568"
    },
    {
      "type": "Feature",
      "properties": {
        "@id": "way/420287571",
        "amenity": "marketplace",
        "building": "yes",
        "name": "Chợ Tín Nghĩa",
        "@geometry": "center"
      },
      "geometry": {
        "type": "Point",
        "coordinates": [
          106.6564243,
          10.7499283
        ]
      },
      "id": "way/420287571"
    },
    {
      "type": "Feature",
      "properties": {
        "@id": "way/420287572",
        "building": "yes",
        "name": "Co.opMart Tuy Lý Vương",
        "shop": "supermarket",
        "@geometry": "center"
      },
      "geometry": {
        "type": "Point",
        "coordinates": [
          106.6550902,
          10.7443983
        ]
      },
      "id": "way/420287572"
    },
    {
      "type": "Feature",
      "properties": {
        "@id": "way/420287575",
        "amenity": "place_of_worship",
        "building": "yes",
        "denomination": "evangelical",
        "name": "Nhà thờ Tin Lành Tuy Lý Vương",
        "name:en": "Tuy Ly Vuong Evangelical Church",
        "official_name": "Hội thánh Tin Lành - Chi hội Tuy Lý Vương",
        "religion": "christian",
        "@geometry": "center"
      },
      "geometry": {
        "type": "Point",
        "coordinates": [
          106.6548899,
          10.7436307
        ]
      },
      "id": "way/420287575"
    },
    {
      "type": "Feature",
      "properties": {
        "@id": "way/420287578",
        "addr:housenumber": "27",
        "addr:street": "Đường Phan Văn Khỏe",
        "alt_name": "Đình Nghĩa Nhuận",
        "amenity": "place_of_worship",
        "heritage": "2",
        "name": "Hội quán Nghĩa Nhuận",
        "name:en": "Nghia Nhuan Assembly Hall",
        "name:vi-Hani": "會館義潤",
        "name:zh-Hant": "義潤會館",
        "religion": "taoist",
        "wikipedia": "vi:Hội quán Nghĩa Nhuận",
        "@geometry": "center"
      },
      "geometry": {
        "type": "Point",
        "coordinates": [
          106.6543875,
          10.7493723
        ]
      },
      "id": "way/420287578"
    },
    {
      "type": "Feature",
      "properties": {
        "@id": "way/420287581",
        "amenity": "place_of_worship",
        "denomination": "roman_catholic",
        "name": "Nhà thờ Hưng Phú",
        "religion": "christian",
        "@geometry": "center"
      },
      "geometry": {
        "type": "Point",
        "coordinates": [
          106.6720576,
          10.7456778
        ]
      },
      "id": "way/420287581"
    },
    {
      "type": "Feature",
      "properties": {
        "@id": "way/420287797",
        "addr:city": "Phường 6",
        "addr:district": "Quận 6",
        "addr:housenumber": "219/24",
        "addr:province": "Hồ Chí Minh",
        "addr:street": "Hẻm 219 Mai Xuân Thưởng",
        "addr:subdistrict": "Phường 6",
        "amenity": "place_of_worship",
        "building": "yes",
        "name": "Đình Bình Tây",
        "religion": "vietnamese_folk",
        "@geometry": "center"
      },
      "geometry": {
        "type": "Point",
        "coordinates": [
          106.6471255,
          10.7507912
        ]
      },
      "id": "way/420287797"
    },
    {
      "type": "Feature",
      "properties": {
        "@id": "way/420287800",
        "amenity": "place_of_worship",
        "building": "yes",
        "name": "Đình Vĩnh Hội",
        "religion": "vietnamese_folk",
        "@geometry": "center"
      },
      "geometry": {
        "type": "Point",
        "coordinates": [
          106.6595597,
          10.7469516
        ]
      },
      "id": "way/420287800"
    },
    {
      "type": "Feature",
      "properties": {
        "@id": "way/435329970",
        "addr:district": "5",
        "addr:street": "Võ Văn Kiệt",
        "leisure": "water_park",
        "name": "Công viên nước Đại Thế Giới",
        "@geometry": "center"
      },
      "geometry": {
        "type": "Point",
        "coordinates": [
          106.6687782,
          10.7514674
        ]
      },
      "id": "way/435329970"
    },
    {
      "type": "Feature",
      "properties": {
        "@id": "way/456799189",
        "addr:district": "Quận 11",
        "addr:province": "Hồ Chí Minh",
        "addr:street": "Đường Lãnh Binh Thăng",
        "addr:subdistrict": "Phường 8",
        "leisure": "park",
        "name": "Công viên Lãnh Binh Thăng",
        "@geometry": "center"
      },
      "geometry": {
        "type": "Point",
        "coordinates": [
          106.649898,
          10.7632268
        ]
      },
      "id": "way/456799189"
    },
    {
      "type": "Feature",
      "properties": {
        "@id": "way/457432426",
        "leisure": "park",
        "@geometry": "center"
      },
      "geometry": {
        "type": "Point",
        "coordinates": [
          106.6490702,
          10.7606555
        ]
      },
      "id": "way/457432426"
    },
    {
      "type": "Feature",
      "properties": {
        "@id": "way/457432435",
        "addr:city": "Ho Chi Minh City",
        "addr:district": "11",
        "addr:housenumber": "283",
        "addr:street": "Đường Lãnh Binh Thăng",
        "addr:subdistrict": "8",
        "building": "yes",
        "leisure": "fitness_centre",
        "name": "Nhà thi đấu Lãnh Binh Thăng",
        "@geometry": "center"
      },
      "geometry": {
        "type": "Point",
        "coordinates": [
          106.6486393,
          10.7637109
        ]
      },
      "id": "way/457432435"
    },
    {
      "type": "Feature",
      "properties": {
        "@id": "way/462903367",
        "leisure": "park",
        "@geometry": "center"
      },
      "geometry": {
        "type": "Point",
        "coordinates": [
          106.6713229,
          10.7547467
        ]
      },
      "id": "way/462903367"
    },
    {
      "type": "Feature",
      "properties": {
        "@id": "way/466316397",
        "addr:city": "Thành phố Hồ Chí Minh",
        "addr:district": "Quận 1",
        "addr:housenumber": "106",
        "addr:street": "Nguyễn Văn Cừ",
        "addr:subdistrict": "Phường Nguyễn Cư Trinh",
        "amenity": "place_of_worship",
        "building": "yes",
        "name": "Chùa Long An",
        "religion": "buddhist",
        "@geometry": "center"
      },
      "geometry": {
        "type": "Point",
        "coordinates": [
          106.6849491,
          10.758162
        ]
      },
      "id": "way/466316397"
    },
    {
      "type": "Feature",
      "properties": {
        "@id": "way/498423483",
        "addr:housenumber": "459",
        "addr:street": "Hưng Phú",
        "amenity": "place_of_worship",
        "building": "yes",
        "denomination": "evangelical",
        "name": "Nhà thờ Tin Lành Chánh Hưng",
        "name:en": "Chanh Hung Evangelical Church",
        "official_name": "Hội thánh Tin Lành - Chi hội Chánh Hưng",
        "religion": "christian",
        "@geometry": "center"
      },
      "geometry": {
        "type": "Point",
        "coordinates": [
          106.6736128,
          10.7470485
        ]
      },
      "id": "way/498423483"
    },
    {
      "type": "Feature",
      "properties": {
        "@id": "way/502252354",
        "leisure": "park",
        "@geometry": "center"
      },
      "geometry": {
        "type": "Point",
        "coordinates": [
          106.652528,
          10.7645901
        ]
      },
      "id": "way/502252354"
    },
    {
      "type": "Feature",
      "properties": {
        "@id": "way/502252355",
        "leisure": "park",
        "@geometry": "center"
      },
      "geometry": {
        "type": "Point",
        "coordinates": [
          106.6520465,
          10.7639189
        ]
      },
      "id": "way/502252355"
    },
    {
      "type": "Feature",
      "properties": {
        "@id": "way/502532627",
        "addr:city": "Ho Chi Minh City",
        "addr:district": "11",
        "addr:street": "Tôn Thất Hiệp",
        "addr:subdistrict": "13",
        "amenity": "place_of_worship",
        "building": "yes",
        "name": "Nhà Thờ Thăng Long",
        "religion": "christian",
        "@geometry": "center"
      },
      "geometry": {
        "type": "Point",
        "coordinates": [
          106.6533199,
          10.7649513
        ]
      },
      "id": "way/502532627"
    },
    {
      "type": "Feature",
      "properties": {
        "@id": "way/503015570",
        "leisure": "park",
        "@geometry": "center"
      },
      "geometry": {
        "type": "Point",
        "coordinates": [
          106.6643313,
          10.7557056
        ]
      },
      "id": "way/503015570"
    },
    {
      "type": "Feature",
      "properties": {
        "@id": "way/503015571",
        "leisure": "park",
        "@geometry": "center"
      },
      "geometry": {
        "type": "Point",
        "coordinates": [
          106.6603986,
          10.7549285
        ]
      },
      "id": "way/503015571"
    },
    {
      "type": "Feature",
      "properties": {
        "@id": "way/508064716",
        "leisure": "park",
        "@geometry": "center"
      },
      "geometry": {
        "type": "Point",
        "coordinates": [
          106.6485883,
          10.7607173
        ]
      },
      "id": "way/508064716"
    },
    {
      "type": "Feature",
      "properties": {
        "@id": "way/516054277",
        "historic": "memorial",
        "@geometry": "center"
      },
      "geometry": {
        "type": "Point",
        "coordinates": [
          106.6498214,
          10.763216
        ]
      },
      "id": "way/516054277"
    },
    {
      "type": "Feature",
      "properties": {
        "@id": "way/516932941",
        "amenity": "marketplace",
        "building": "yes",
        "name": "Chợ Lê Hồng Phong",
        "name:en": "Le Hong Phong Market",
        "name:vi": "Chợ Lê Hồng Phong",
        "@geometry": "center"
      },
      "geometry": {
        "type": "Point",
        "coordinates": [
          106.6767748,
          10.7643514
        ]
      },
      "id": "way/516932941"
    },
    {
      "type": "Feature",
      "properties": {
        "@id": "way/554668449",
        "amenity": "marketplace",
        "building": "yes",
        "name": "Chợ Nhật Tảo",
        "@geometry": "center"
      },
      "geometry": {
        "type": "Point",
        "coordinates": [
          106.6698901,
          10.7651635
        ]
      },
      "id": "way/554668449"
    },
    {
      "type": "Feature",
      "properties": {
        "@id": "way/561873630",
        "addr:city": "Ho Chi Minh City",
        "addr:district": "8",
        "addr:housenumber": "76",
        "addr:street": "Nguyễn Duy",
        "addr:subdistrict": "9",
        "amenity": "place_of_worship",
        "building": "yes",
        "name": "Chùa Hưng Phú",
        "religion": "buddhist",
        "@geometry": "center"
      },
      "geometry": {
        "type": "Point",
        "coordinates": [
          106.6734504,
          10.7460324
        ]
      },
      "id": "way/561873630"
    },
    {
      "type": "Feature",
      "properties": {
        "@id": "way/585932624",
        "leisure": "park",
        "name": "Công viên Chợ Quán",
        "@geometry": "center"
      },
      "geometry": {
        "type": "Point",
        "coordinates": [
          106.6760096,
          10.760465
        ]
      },
      "id": "way/585932624"
    },
    {
      "type": "Feature",
      "properties": {
        "@id": "way/585932824",
        "amenity": "place_of_worship",
        "name": "Chùa Ấn Quang",
        "name:en": "An Quang Pagoda",
        "wikidata": "Q482355",
        "wikimedia_commons": "Category:Ấn Quang Pagoda",
        "wikipedia": "en:Ấn Quang Temple",
        "@geometry": "center"
      },
      "geometry": {
        "type": "Point",
        "coordinates": [
          106.6716779,
          10.7658337
        ]
      },
      "id": "way/585932824"
    },
    {
      "type": "Feature",
      "properties": {
        "@id": "way/596552736",
        "addr:city": "TP. Hồ Chí Minh",
        "addr:housename": "Điện máy Gia Thành",
        "addr:housenumber": "975",
        "addr:street": "Trần Hưng Đạo",
        "name": "Điện máy Gia Thành",
        "shop": "supermarket",
        "website": "https://giathanh.vn/",
        "@geometry": "center"
      },
      "geometry": {
        "type": "Point",
        "coordinates": [
          106.6767105,
          10.7537613
        ]
      },
      "id": "way/596552736"
    },
    {
      "type": "Feature",
      "properties": {
        "@id": "way/604897393",
        "amenity": "place_of_worship",
        "building": "yes",
        "name": "Đình Phong Phú",
        "religion": "vietnamese_folk",
        "@geometry": "center"
      },
      "geometry": {
        "type": "Point",
        "coordinates": [
          106.6602425,
          10.7453245
        ]
      },
      "id": "way/604897393"
    },
    {
      "type": "Feature",
      "properties": {
        "@id": "way/617579906",
        "amenity": "cafe",
        "building": "yes",
        "cuisine": "coffee_shop",
        "name": "Nguyên Chất coffee",
        "@geometry": "center"
      },
      "geometry": {
        "type": "Point",
        "coordinates": [
          106.6750541,
          10.761822
        ]
      },
      "id": "way/617579906"
    },
    {
      "type": "Feature",
      "properties": {
        "@id": "way/617580452",
        "amenity": "cafe",
        "brand": "The Coffee House",
        "brand:wikidata": "Q60775742",
        "building": "yes",
        "cuisine": "coffee_shop;vietnamese",
        "name": "The Coffee House",
        "name:en": "The Coffee House",
        "takeaway": "yes",
        "@geometry": "center"
      },
      "geometry": {
        "type": "Point",
        "coordinates": [
          106.6750129,
          10.7621963
        ]
      },
      "id": "way/617580452"
    },
    {
      "type": "Feature",
      "properties": {
        "@id": "way/617580819",
        "leisure": "park",
        "name": "Bãi Cỏ - Trần Nhân Tôn",
        "@geometry": "center"
      },
      "geometry": {
        "type": "Point",
        "coordinates": [
          106.6750724,
          10.7620131
        ]
      },
      "id": "way/617580819"
    },
    {
      "type": "Feature",
      "properties": {
        "@id": "way/638537793",
        "addr:district": "Quận 11",
        "addr:housenumber": "2",
        "addr:province": "Hồ Chí Minh",
        "addr:street": "Dương Đình Nghệ",
        "addr:subdistrict": "Phường 8",
        "leisure": "park",
        "name": "Công viên Dương Đình Nghệ",
        "@geometry": "center"
      },
      "geometry": {
        "type": "Point",
        "coordinates": [
          106.6499735,
          10.7625006
        ]
      },
      "id": "way/638537793"
    },
    {
      "type": "Feature",
      "properties": {
        "@id": "way/659972402",
        "addr:city": "tp.hcm",
        "addr:district": "8",
        "addr:housenumber": "48-50",
        "addr:street": "Bến Cần Giuộc",
        "addr:subdistrict": "13",
        "alt_name": "Kentucky Fried Chicken",
        "amenity": "fast_food",
        "brand": "KFC",
        "brand:wikidata": "Q524757",
        "brand:wikipedia": "en:KFC",
        "building": "yes",
        "cuisine": "chicken",
        "drive_through": "no",
        "name": "KFC",
        "opening_hours": "Mo-Su 9:30-21:30",
        "takeaway": "yes",
        "@geometry": "center"
      },
      "geometry": {
        "type": "Point",
        "coordinates": [
          106.6601809,
          10.746861
        ]
      },
      "id": "way/659972402"
    },
    {
      "type": "Feature",
      "properties": {
        "@id": "way/659973055",
        "amenity": "fast_food",
        "brand": "Popeyes",
        "brand:wikidata": "Q1330910",
        "brand:wikipedia": "en:Popeyes",
        "building": "yes",
        "cuisine": "chicken",
        "name": "Popeyes",
        "official_name": "Popeyes Louisiana Kitchen",
        "takeaway": "yes",
        "@geometry": "center"
      },
      "geometry": {
        "type": "Point",
        "coordinates": [
          106.6609772,
          10.7467086
        ]
      },
      "id": "way/659973055"
    },
    {
      "type": "Feature",
      "properties": {
        "@id": "way/659978345",
        "building": "yes",
        "name": "Nhà Sách Lý Thái Tổ",
        "shop": "books",
        "@geometry": "center"
      },
      "geometry": {
        "type": "Point",
        "coordinates": [
          106.6608947,
          10.7470153
        ]
      },
      "id": "way/659978345"
    },
    {
      "type": "Feature",
      "properties": {
        "@id": "way/666569008",
        "alt_name": "Chùa Ông Bổn;Miếu Nhị Phủ",
        "alt_name:es": "Pagoda Ong Bon",
        "amenity": "place_of_worship",
        "heritage": "2",
        "name": "Hội quán Nhị Phủ",
        "name:vi": "Hội quán Nhị Phủ",
        "name:vi-Hani": "會館二府",
        "name:zh": "二府會館",
        "religion": "chinese_folk",
        "wikipedia": "vi:Hội quán Nhị Phủ",
        "@geometry": "center"
      },
      "geometry": {
        "type": "Point",
        "coordinates": [
          106.6572598,
          10.751397
        ]
      },
      "id": "way/666569008"
    },
    {
      "type": "Feature",
      "properties": {
        "@id": "way/669863010",
        "addr:city": "Ho Chi Minh City",
        "addr:district": "5",
        "addr:housenumber": "184",
        "addr:postcode": "70000",
        "addr:street": "Đường Hồng Bàng",
        "addr:subdistrict": "12",
        "amenity": "place_of_worship",
        "building": "yes",
        "name": "Hội quán Phước An",
        "name:en": "Phuoc An Assembly Hall",
        "name:vi": "Hội quán Phước An",
        "name:vi-Hani": "會館福安",
        "name:zh-Hant": "福安會館",
        "opening_hours": "Mo-Su 06:00-18:00",
        "religion": "buddhist",
        "wikipedia": "vi:Hội quán Phước An",
        "@geometry": "center"
      },
      "geometry": {
        "type": "Point",
        "coordinates": [
          106.658867,
          10.7549991
        ]
      },
      "id": "way/669863010"
    },
    {
      "type": "Feature",
      "properties": {
        "@id": "way/675640289",
        "leisure": "park",
        "@geometry": "center"
      },
      "geometry": {
        "type": "Point",
        "coordinates": [
          106.6532471,
          10.7486753
        ]
      },
      "id": "way/675640289"
    },
    {
      "type": "Feature",
      "properties": {
        "@id": "way/675640303",
        "amenity": "marketplace",
        "building": "retail",
        "@geometry": "center"
      },
      "geometry": {
        "type": "Point",
        "coordinates": [
          106.6516723,
          10.7495201
        ]
      },
      "id": "way/675640303"
    },
    {
      "type": "Feature",
      "properties": {
        "@id": "way/675640304",
        "amenity": "marketplace",
        "building": "retail",
        "@geometry": "center"
      },
      "geometry": {
        "type": "Point",
        "coordinates": [
          106.6504246,
          10.7492651
        ]
      },
      "id": "way/675640304"
    },
    {
      "type": "Feature",
      "properties": {
        "@id": "way/693086312",
        "amenity": "place_of_worship",
        "building": "yes",
        "name": "Miếu An Hòa",
        "religion": "chinese_folk",
        "@geometry": "center"
      },
      "geometry": {
        "type": "Point",
        "coordinates": [
          106.6720917,
          10.7475054
        ]
      },
      "id": "way/693086312"
    },
    {
      "type": "Feature",
      "properties": {
        "@id": "way/715470255",
        "amenity": "marketplace",
        "@geometry": "center"
      },
      "geometry": {
        "type": "Point",
        "coordinates": [
          106.6540533,
          10.7629238
        ]
      },
      "id": "way/715470255"
    },
    {
      "type": "Feature",
      "properties": {
        "@id": "way/715531292",
        "amenity": "marketplace",
        "@geometry": "center"
      },
      "geometry": {
        "type": "Point",
        "coordinates": [
          106.6532571,
          10.7634268
        ]
      },
      "id": "way/715531292"
    },
    {
      "type": "Feature",
      "properties": {
        "@id": "way/716914311",
        "addr:street": "Đường Tạ Uyên",
        "building": "yes",
        "name": "Hotel Hạo Thành",
        "tourism": "hotel",
        "@geometry": "center"
      },
      "geometry": {
        "type": "Point",
        "coordinates": [
          106.6532347,
          10.7588624
        ]
      },
      "id": "way/716914311"
    },
    {
      "type": "Feature",
      "properties": {
        "@id": "way/716914312",
        "addr:street": "Đường Tạ Uyên",
        "building": "yes",
        "name": "Hotel Thanh Hoa Kiều",
        "tourism": "hotel",
        "@geometry": "center"
      },
      "geometry": {
        "type": "Point",
        "coordinates": [
          106.6535856,
          10.7588193
        ]
      },
      "id": "way/716914312"
    },
    {
      "type": "Feature",
      "properties": {
        "@id": "way/716914313",
        "addr:street": "Đường Tạ Uyên",
        "building": "yes",
        "name": "Hotel 173",
        "tourism": "hotel",
        "@geometry": "center"
      },
      "geometry": {
        "type": "Point",
        "coordinates": [
          106.6533629,
          10.7578346
        ]
      },
      "id": "way/716914313"
    },
    {
      "type": "Feature",
      "properties": {
        "@id": "way/717286109",
        "addr:street": "Đường Lê Đại Hành",
        "building": "yes",
        "name": "Khách Sạn An Tĩnh",
        "tourism": "hotel",
        "@geometry": "center"
      },
      "geometry": {
        "type": "Point",
        "coordinates": [
          106.655426,
          10.7640876
        ]
      },
      "id": "way/717286109"
    },
    {
      "type": "Feature",
      "properties": {
        "@id": "way/723183007",
        "addr:housenumber": "940-942",
        "addr:street": "Đường Trần Hưng Ðạo",
        "building": "hotel",
        "name": "MariO Hotel",
        "@geometry": "center"
      },
      "geometry": {
        "type": "Point",
        "coordinates": [
          106.6731113,
          10.7533872
        ]
      },
      "id": "way/723183007"
    },
    {
      "type": "Feature",
      "properties": {
        "@id": "node/729602679",
        "amenity": "fast_food",
        "name": "Bánh Bao Đức Ký",
        "wheelchair": "yes"
      },
      "geometry": {
        "type": "Point",
        "coordinates": [
          106.6534012,
          10.7567772
        ]
      },
      "id": "node/729602679"
    },
    {
      "type": "Feature",
      "properties": {
        "@id": "node/729602709",
        "amenity": "fast_food",
        "brand": "Lotteria",
        "brand:wikidata": "Q249525",
        "brand:wikipedia": "en:Lotteria",
        "cuisine": "burger",
        "name": "Lotteria",
        "takeaway": "yes"
      },
      "geometry": {
        "type": "Point",
        "coordinates": [
          106.6628075,
          10.7559824
        ]
      },
      "id": "node/729602709"
    },
    {
      "type": "Feature",
      "properties": {
        "@id": "node/729602721",
        "amenity": "fast_food",
        "brand": "Lotteria",
        "brand:wikidata": "Q249525",
        "cuisine": "burger",
        "name": "Lotteria",
        "takeaway": "yes"
      },
      "geometry": {
        "type": "Point",
        "coordinates": [
          106.6666246,
          10.7677546
        ]
      },
      "id": "node/729602721"
    },
    {
      "type": "Feature",
      "properties": {
        "@id": "node/729602751",
        "alt_name": "Kentucky Fried Chicken",
        "amenity": "fast_food",
        "brand": "KFC",
        "brand:en": "KFC",
        "brand:wikidata": "Q524757",
        "brand:wikipedia": "en:KFC",
        "cuisine": "chicken",
        "name": "KFC",
        "takeaway": "yes"
      },
      "geometry": {
        "type": "Point",
        "coordinates": [
          106.650781,
          10.7501568
        ]
      },
      "id": "node/729602751"
    },
    {
      "type": "Feature",
      "properties": {
        "@id": "node/729602756",
        "alt_name": "Gà Rán Kentucky",
        "alt_name:en": "Kentucky Fried Chicken",
        "alt_name:vi": "Gà Rán Kentucky",
        "amenity": "fast_food",
        "brand": "KFC",
        "brand:wikidata": "Q524757",
        "cuisine": "fried_chicken",
        "drive_through": "yes",
        "name": "KFC",
        "takeaway": "yes"
      },
      "geometry": {
        "type": "Point",
        "coordinates": [
          106.6563833,
          10.7620711
        ]
      },
      "id": "node/729602756"
    },
    {
      "type": "Feature",
      "properties": {
        "@id": "node/729602764",
        "amenity": "fast_food",
        "brand": "Lotteria",
        "brand:wikidata": "Q249525",
        "cuisine": "burger",
        "name": "Lotteria",
        "takeaway": "yes"
      },
      "geometry": {
        "type": "Point",
        "coordinates": [
          106.6780965,
          10.7570454
        ]
      },
      "id": "node/729602764"
    },
    {
      "type": "Feature",
      "properties": {
        "@id": "way/756879229",
        "leisure": "park",
        "name": "Công viên Âu Lạc",
        "@geometry": "center"
      },
      "geometry": {
        "type": "Point",
        "coordinates": [
          106.6808399,
          10.7647893
        ]
      },
      "id": "way/756879229"
    },
    {
      "type": "Feature",
      "properties": {
        "@id": "way/805948858",
        "amenity": "place_of_worship",
        "building": "yes",
        "religion": "buddhist",
        "@geometry": "center"
      },
      "geometry": {
        "type": "Point",
        "coordinates": [
          106.6517646,
          10.743513
        ]
      },
      "id": "way/805948858"
    },
    {
      "type": "Feature",
      "properties": {
        "@id": "way/807545211",
        "amenity": "place_of_worship",
        "building": "yes",
        "religion": "buddhist",
        "@geometry": "center"
      },
      "geometry": {
        "type": "Point",
        "coordinates": [
          106.6531712,
          10.7432282
        ]
      },
      "id": "way/807545211"
    },
    {
      "type": "Feature",
      "properties": {
        "@id": "way/853382375",
        "addr:district": "Quận 11",
        "addr:province": "Hồ Chí Minh",
        "addr:street": "Dương Đình Nghệ",
        "addr:subdistrict": "Phường 8",
        "amenity": "community_centre",
        "building": "yes",
        "name": "Nhà thiếu nhi Quận 11",
        "@geometry": "center"
      },
      "geometry": {
        "type": "Point",
        "coordinates": [
          106.6497635,
          10.761772
        ]
      },
      "id": "way/853382375"
    },
    {
      "type": "Feature",
      "properties": {
        "@id": "way/879519246",
        "addr:city": "Ho Chi Minh City",
        "addr:district": "10",
        "addr:housenumber": "68",
        "addr:postcode": "70000",
        "addr:province": "Hồ Chí Minh",
        "addr:street": "Đường Nguyễn Lâm",
        "addr:subdistrict": "6",
        "description": "Khu ẩm thực trong Phố đi bộ -Mua sắm -Ẩm thực - Giải trí",
        "leisure": "park",
        "name": "Phố đi bộ đêm Kỳ đài Quang Trung",
        "opening_hours": "Mo-Su 18:00-23:00",
        "operator": "Phố đi bộ đêm Kỳ đài Quang Trung",
        "@geometry": "center"
      },
      "geometry": {
        "type": "Point",
        "coordinates": [
          106.6629989,
          10.7642929
        ]
      },
      "id": "way/879519246"
    },
    {
      "type": "Feature",
      "properties": {
        "@id": "way/961031462",
        "leisure": "park",
        "@geometry": "center"
      },
      "geometry": {
        "type": "Point",
        "coordinates": [
          106.6513963,
          10.7531684
        ]
      },
      "id": "way/961031462"
    },
    {
      "type": "Feature",
      "properties": {
        "@id": "way/1042789394",
        "amenity": "place_of_worship",
        "building": "yes",
        "name": "Chùa Linh Chưởng",
        "religion": "buddhist",
        "@geometry": "center"
      },
      "geometry": {
        "type": "Point",
        "coordinates": [
          106.6788897,
          10.7668993
        ]
      },
      "id": "way/1042789394"
    },
    {
      "type": "Feature",
      "properties": {
        "@id": "way/1043421533",
        "addr:city": "Ho Chi Minh City",
        "addr:district": "11",
        "addr:postcode": "70000",
        "addr:street": "Bình Thới",
        "addr:subdistrict": "11",
        "air_conditioning": "yes",
        "amenity": "restaurant",
        "bar": "yes",
        "branch": "1130 QL50, Phong Phú, Bình Chánh, Thành phố Hồ Chí Minh",
        "brand": "NT Food",
        "building": "yes",
        "capacity": "15",
        "contact:facebook": "https://www.facebook.com/AmthucNTFood/",
        "cuisine": "chinese;vietnamese;diner;regional;noodle;soup;chicken;breakfast;asian",
        "delivery": "yes",
        "diet:healthy": "yes",
        "diet:meat": "yes",
        "internet_access": "yes",
        "name": "Phở, Lẩu, Món Tiềm",
        "opening_hours": "Mo-Su 06:00-22:00",
        "payment:bank_qr": "yes",
        "payment:cash": "yes",
        "payment:momo": "yes",
        "payment:zalopay": "yes",
        "phone": "+84 989 059 143",
        "reservation": "yes",
        "takeaway": "yes",
        "toilets": "yes",
        "website": "https://amthucntfood.io.vn/",
        "@geometry": "center"
      },
      "geometry": {
        "type": "Point",
        "coordinates": [
          106.6484761,
          10.7664138
        ]
      },
      "id": "way/1043421533"
    },
    {
      "type": "Feature",
      "properties": {
        "@id": "way/1044649220",
        "building": "yes",
        "heritage": "2",
        "name": "Di tích Khu tạm giam Bệnh viện Chợ Quán",
        "tourism": "museum",
        "@geometry": "center"
      },
      "geometry": {
        "type": "Point",
        "coordinates": [
          106.6792903,
          10.7532668
        ]
      },
      "id": "way/1044649220"
    },
    {
      "type": "Feature",
      "properties": {
        "@id": "way/1044649233",
        "addr:city": "Phường 2",
        "addr:district": "Quận 5",
        "addr:housenumber": "718-728",
        "addr:province": "Thành phố Hồ Chí Minh",
        "addr:street": "718 Trần Hưng Đạo",
        "addr:subdistrict": "Phường 2",
        "amenity": "place_of_worship",
        "building": "yes",
        "name": "Đình Tân Kiểng",
        "religion": "vietnamese_folk",
        "@geometry": "center"
      },
      "geometry": {
        "type": "Point",
        "coordinates": [
          106.6776358,
          10.7549656
        ]
      },
      "id": "way/1044649233"
    },
    {
      "type": "Feature",
      "properties": {
        "@id": "way/1044717963",
        "amenity": "place_of_worship",
        "building": "yes",
        "name": "Đình Tứ Xuân",
        "religion": "vietnamese_folk",
        "@geometry": "center"
      },
      "geometry": {
        "type": "Point",
        "coordinates": [
          106.6813738,
          10.7500835
        ]
      },
      "id": "way/1044717963"
    },
    {
      "type": "Feature",
      "properties": {
        "@id": "way/1060125302",
        "leisure": "park",
        "@geometry": "center"
      },
      "geometry": {
        "type": "Point",
        "coordinates": [
          106.6689214,
          10.7598528
        ]
      },
      "id": "way/1060125302"
    },
    {
      "type": "Feature",
      "properties": {
        "@id": "way/1086980078",
        "addr:city": "Phường 8",
        "addr:district": "Quận 5",
        "addr:housenumber": "314",
        "addr:province": "Hồ Chí Minh",
        "addr:street": "Đường Nguyễn Trãi",
        "addr:subdistrict": "Phuong 8",
        "amenity": "place_of_worship",
        "building": "yes",
        "name": "Từ đường Phúc Kiến",
        "religion": "taoist",
        "@geometry": "center"
      },
      "geometry": {
        "type": "Point",
        "coordinates": [
          106.6748807,
          10.7569527
        ]
      },
      "id": "way/1086980078"
    },
    {
      "type": "Feature",
      "properties": {
        "@id": "way/1159206313",
        "leisure": "park",
        "@geometry": "center"
      },
      "geometry": {
        "type": "Point",
        "coordinates": [
          106.6510873,
          10.7482513
        ]
      },
      "id": "way/1159206313"
    },
    {
      "type": "Feature",
      "properties": {
        "@id": "way/1161279409",
        "amenity": "place_of_worship",
        "building": "yes",
        "name": "Đình Hưng Phú",
        "religion": "vietnamese_folk",
        "@geometry": "center"
      },
      "geometry": {
        "type": "Point",
        "coordinates": [
          106.6703875,
          10.7481646
        ]
      },
      "id": "way/1161279409"
    },
    {
      "type": "Feature",
      "properties": {
        "@id": "way/1184231456",
        "addr:housenumber": "235",
        "addr:province": "Thành phố Hồ Chí Minh",
        "addr:street": "Nguyễn Văn Cừ",
        "addr:subdistrict": "Phường Chợ Quán",
        "amenity": "fast_food",
        "building": "commercial",
        "fast_food": "cafeteria",
        "name": "Căn Tin Ngọc Huệ",
        "@geometry": "center"
      },
      "geometry": {
        "type": "Point",
        "coordinates": [
          106.6808401,
          10.7633405
        ]
      },
      "id": "way/1184231456"
    },
    {
      "type": "Feature",
      "properties": {
        "@id": "way/1210579529",
        "addr:housenumber": "103",
        "addr:street": "Cao Văn Lầu",
        "amenity": "place_of_worship",
        "building": "yes",
        "denomination": "evangelical",
        "name": "Nhà thờ Tin Lành Bình Tây",
        "name:en": "Binh Tay Evangelical Church",
        "official_name": "Hội thánh Tin Lành - Chi hội Bình Tây",
        "religion": "christian",
        "@geometry": "center"
      },
      "geometry": {
        "type": "Point",
        "coordinates": [
          106.6495092,
          10.7462497
        ]
      },
      "id": "way/1210579529"
    },
    {
      "type": "Feature",
      "properties": {
        "@id": "way/1211305611",
        "addr:city": "Phường 1",
        "addr:district": "Quận 6",
        "addr:housenumber": "21/44",
        "addr:province": "Hồ Chí Minh",
        "addr:street": "Hẻm 21 Bình Tây",
        "addr:subdistrict": "Phường 1",
        "amenity": "place_of_worship",
        "building": "yes",
        "name": "Ẩn Trúc Lâm",
        "@geometry": "center"
      },
      "geometry": {
        "type": "Point",
        "coordinates": [
          106.6513058,
          10.7451652
        ]
      },
      "id": "way/1211305611"
    },
    {
      "type": "Feature",
      "properties": {
        "@id": "way/1211892308",
        "addr:city": "Phường 12",
        "addr:district": "Quận 5",
        "addr:housenumber": "112",
        "addr:province": "Hồ Chí Minh",
        "addr:street": "Đường Tân Thành",
        "addr:subdistrict": "Phường 12",
        "amenity": "place_of_worship",
        "building": "yes",
        "name": "Đình Tân Nghĩa",
        "religion": "vietnamese_folk",
        "@geometry": "center"
      },
      "geometry": {
        "type": "Point",
        "coordinates": [
          106.6552736,
          10.7560566
        ]
      },
      "id": "way/1211892308"
    },
    {
      "type": "Feature",
      "properties": {
        "@id": "way/1212006785",
        "addr:city": "Phường 1",
        "addr:district": "Quận 5",
        "addr:province": "Hồ Chí Minh",
        "addr:street": "Hẻm 197 Cao Đạt",
        "addr:subdistrict": "Phường 1",
        "amenity": "place_of_worship",
        "building": "yes",
        "name": "Đình Bình Yên",
        "religion": "vietnamese_folk",
        "@geometry": "center"
      },
      "geometry": {
        "type": "Point",
        "coordinates": [
          106.6832798,
          10.7535653
        ]
      },
      "id": "way/1212006785"
    },
    {
      "type": "Feature",
      "properties": {
        "@id": "way/1212006792",
        "addr:city": "Phường 2",
        "addr:district": "Quận 5",
        "addr:housenumber": "118",
        "addr:province": "Hồ Chí Minh",
        "addr:street": "Trần Bình Trọng",
        "addr:subdistrict": "Phường 2",
        "amenity": "place_of_worship",
        "building": "yes",
        "denomination": "roman_catholic",
        "name": "Tu viện Mến Thánh Giá Chợ Quán",
        "religion": "christian",
        "@geometry": "center"
      },
      "geometry": {
        "type": "Point",
        "coordinates": [
          106.6816288,
          10.7562783
        ]
      },
      "id": "way/1212006792"
    },
    {
      "type": "Feature",
      "properties": {
        "@id": "way/1212006793",
        "leisure": "park",
        "@geometry": "center"
      },
      "geometry": {
        "type": "Point",
        "coordinates": [
          106.681668,
          10.7564275
        ]
      },
      "id": "way/1212006793"
    },
    {
      "type": "Feature",
      "properties": {
        "@id": "way/1212006794",
        "leisure": "park",
        "@geometry": "center"
      },
      "geometry": {
        "type": "Point",
        "coordinates": [
          106.6817287,
          10.7562144
        ]
      },
      "id": "way/1212006794"
    },
    {
      "type": "Feature",
      "properties": {
        "@id": "way/1213777937",
        "addr:city": "Phường 8",
        "addr:district": "Quận 5",
        "addr:housenumber": "314",
        "addr:province": "Hồ Chí Minh",
        "addr:street": "Đường Nguyễn Trãi",
        "addr:subdistrict": "Phuong 8",
        "amenity": "place_of_worship",
        "building": "yes",
        "name": "Quan Âm Các",
        "religion": "buddhist",
        "@geometry": "center"
      },
      "geometry": {
        "type": "Point",
        "coordinates": [
          106.674686,
          10.7573192
        ]
      },
      "id": "way/1213777937"
    },
    {
      "type": "Feature",
      "properties": {
        "@id": "way/1215418794",
        "addr:city": "Phường 5",
        "addr:district": "Quận 5",
        "addr:housenumber": "4",
        "addr:province": "Hồ Chí Minh",
        "addr:street": "An Bình",
        "addr:subdistrict": "Phường 5",
        "amenity": "place_of_worship",
        "building": "yes",
        "name": "Nhà thờ An Bình",
        "religion": "christian",
        "@geometry": "center"
      },
      "geometry": {
        "type": "Point",
        "coordinates": [
          106.6736321,
          10.7497142
        ]
      },
      "id": "way/1215418794"
    },
    {
      "type": "Feature",
      "properties": {
        "@id": "way/1215418797",
        "addr:city": "Phường 5",
        "addr:district": "Quận 5",
        "addr:housenumber": "4",
        "addr:province": "Hồ Chí Minh",
        "addr:street": "An Bình",
        "addr:subdistrict": "Phường 5",
        "amenity": "place_of_worship",
        "building": "yes",
        "name": "Đền thờ Thánh Giuse",
        "religion": "christian",
        "@geometry": "center"
      },
      "geometry": {
        "type": "Point",
        "coordinates": [
          106.6736589,
          10.7494696
        ]
      },
      "id": "way/1215418797"
    },
    {
      "type": "Feature",
      "properties": {
        "@id": "way/1215418823",
        "addr:city": "Phường 6",
        "addr:district": "Quận 6",
        "addr:housenumber": "683/7/6",
        "addr:province": "Hồ Chí Minh",
        "addr:street": "Hẻm 683/7 Hồng Bàng",
        "addr:subdistrict": "Phường 6",
        "amenity": "place_of_worship",
        "building": "yes",
        "name": "Chùa Chí Thành",
        "religion": "buddhist",
        "@geometry": "center"
      },
      "geometry": {
        "type": "Point",
        "coordinates": [
          106.6473074,
          10.7524612
        ]
      },
      "id": "way/1215418823"
    },
    {
      "type": "Feature",
      "properties": {
        "@id": "way/1215418828",
        "addr:city": "Phường 6",
        "addr:district": "Quận 6",
        "addr:housenumber": "101/5C",
        "addr:province": "Hồ Chí Minh",
        "addr:street": "Hẻm 101 Phạm Đình Hổ",
        "addr:subdistrict": "Phường 6",
        "amenity": "place_of_worship",
        "building": "yes",
        "name": "Chùa Đại Bi",
        "religion": "buddhist",
        "@geometry": "center"
      },
      "geometry": {
        "type": "Point",
        "coordinates": [
          106.6492475,
          10.7521085
        ]
      },
      "id": "way/1215418828"
    },
    {
      "type": "Feature",
      "properties": {
        "@id": "way/1221231567",
        "addr:city": "Phường 14",
        "addr:district": "Quận 10",
        "addr:province": "Hồ Chí Minh",
        "addr:subdistrict": "Phường 14",
        "leisure": "park",
        "name": "Công viên Chung cư Hòa Bình",
        "@geometry": "center"
      },
      "geometry": {
        "type": "Point",
        "coordinates": [
          106.66112,
          10.7670215
        ]
      },
      "id": "way/1221231567"
    },
    {
      "type": "Feature",
      "properties": {
        "@id": "node/1232439968",
        "amenity": "food_court",
        "name": "Quán Hủ Tíu Sườn Đông Hưng"
      },
      "geometry": {
        "type": "Point",
        "coordinates": [
          106.6512604,
          10.7540246
        ]
      },
      "id": "node/1232439968"
    },
    {
      "type": "Feature",
      "properties": {
        "@id": "way/1288202239",
        "addr:city": "Thành phố Hồ Chí Minh",
        "addr:district": "Quận 8",
        "addr:housenumber": "343",
        "addr:postcode": "749000",
        "addr:street": "Đường Bình Đông",
        "addr:subdistrict": "Phường 13",
        "amenity": "cafe",
        "brand": "Highlands Coffee",
        "brand:wikidata": "Q5759361",
        "building": "yes",
        "cuisine": "coffee_shop;vietnamese",
        "name": "Highlands Coffee",
        "name:en": "Highlands Coffee",
        "opening_hours": "07:00-22:50; Tu 07:50-22:50",
        "outdoor_seating": "no",
        "takeaway": "yes",
        "website": "https://www.highlandscoffee.com.vn/",
        "@geometry": "center"
      },
      "geometry": {
        "type": "Point",
        "coordinates": [
          106.6595734,
          10.7478512
        ]
      },
      "id": "way/1288202239"
    },
    {
      "type": "Feature",
      "properties": {
        "@id": "way/1301181255",
        "leisure": "park",
        "@geometry": "center"
      },
      "geometry": {
        "type": "Point",
        "coordinates": [
          106.6556094,
          10.7490298
        ]
      },
      "id": "way/1301181255"
    },
    {
      "type": "Feature",
      "properties": {
        "@id": "way/1342714937",
        "amenity": "place_of_worship",
        "building": "yes",
        "name": "Thánh thất Chợ Lớn",
        "religion": "caodaism",
        "@geometry": "center"
      },
      "geometry": {
        "type": "Point",
        "coordinates": [
          106.664778,
          10.7635136
        ]
      },
      "id": "way/1342714937"
    },
    {
      "type": "Feature",
      "properties": {
        "@id": "way/1352236786",
        "leisure": "park",
        "@geometry": "center"
      },
      "geometry": {
        "type": "Point",
        "coordinates": [
          106.65442,
          10.7488472
        ]
      },
      "id": "way/1352236786"
    },
    {
      "type": "Feature",
      "properties": {
        "@id": "way/1354146316",
        "addr:city": "Ho Chi Minh City",
        "addr:district": "Quận 6",
        "addr:street": "Đường Võ Văn Kiệt",
        "addr:subdistrict": "Phường 3",
        "building": "retail",
        "name": "Satra Centre Mall",
        "shop": "mall",
        "@geometry": "center"
      },
      "geometry": {
        "type": "Point",
        "coordinates": [
          106.6483499,
          10.7436804
        ]
      },
      "id": "way/1354146316"
    },
    {
      "type": "Feature",
      "properties": {
        "@id": "way/1358149649",
        "addr:city": "Phường Hưng Phú",
        "addr:district": "Quận 8",
        "addr:housenumber": "310A",
        "addr:province": "Thành phố Hồ Chí Minh",
        "addr:street": "Hưng Phú",
        "addr:subdistrict": "Phường Hưng Phú",
        "leisure": "park",
        "name": "Công viên 310A Hưng Phú",
        "@geometry": "center"
      },
      "geometry": {
        "type": "Point",
        "coordinates": [
          106.6761355,
          10.7488302
        ]
      },
      "id": "way/1358149649"
    },
    {
      "type": "Feature",
      "properties": {
        "@id": "way/1358149662",
        "leisure": "park",
        "@geometry": "center"
      },
      "geometry": {
        "type": "Point",
        "coordinates": [
          106.6766346,
          10.7494907
        ]
      },
      "id": "way/1358149662"
    },
    {
      "type": "Feature",
      "properties": {
        "@id": "way/1375774496",
        "amenity": "place_of_worship",
        "building": "yes",
        "name": "Đình Long Vĩnh",
        "religion": "vietnamese_folk",
        "@geometry": "center"
      },
      "geometry": {
        "type": "Point",
        "coordinates": [
          106.6621466,
          10.7448797
        ]
      },
      "id": "way/1375774496"
    },
    {
      "type": "Feature",
      "properties": {
        "@id": "way/1375774497",
        "amenity": "place_of_worship",
        "building": "yes",
        "name": "Đình Ưu Long",
        "religion": "vietnamese_folk",
        "@geometry": "center"
      },
      "geometry": {
        "type": "Point",
        "coordinates": [
          106.6627721,
          10.7484366
        ]
      },
      "id": "way/1375774497"
    },
    {
      "type": "Feature",
      "properties": {
        "@id": "way/1388259750",
        "landuse": "retail",
        "name": "Trung tâm Thương Mại An Đông Plaza",
        "shop": "mall",
        "@geometry": "center"
      },
      "geometry": {
        "type": "Point",
        "coordinates": [
          106.67331,
          10.7578415
        ]
      },
      "id": "way/1388259750"
    },
    {
      "type": "Feature",
      "properties": {
        "@id": "way/1388259752",
        "addr:district": "Quận 5",
        "addr:housenumber": "239",
        "addr:province": "Thành phố Hồ Chí Minh",
        "addr:street": "Hùng Vương",
        "addr:subdistrict": "Phường 09",
        "amenity": "cafe",
        "name": "Coffee Thúy Vi",
        "opening_hours": "06:30-21:00",
        "@geometry": "center"
      },
      "geometry": {
        "type": "Point",
        "coordinates": [
          106.6734084,
          10.7600528
        ]
      },
      "id": "way/1388259752"
    },
    {
      "type": "Feature",
      "properties": {
        "@id": "way/1417141539",
        "air_conditioning": "no",
        "amenity": "fast_food",
        "building": "yes",
        "cuisine": "vietnamese",
        "drive_through": "no",
        "fast_food": "cafeteria",
        "layer": "1",
        "@geometry": "center"
      },
      "geometry": {
        "type": "Point",
        "coordinates": [
          106.682002,
          10.7596409
        ]
      },
      "id": "way/1417141539"
    },
    {
      "type": "Feature",
      "properties": {
        "@id": "way/1422943451",
        "leisure": "park",
        "name": "Công viên Phong Châu",
        "@geometry": "center"
      },
      "geometry": {
        "type": "Point",
        "coordinates": [
          106.6827629,
          10.766355
        ]
      },
      "id": "way/1422943451"
    },
    {
      "type": "Feature",
      "properties": {
        "@id": "way/1427983377",
        "amenity": "place_of_worship",
        "building": "yes",
        "name": "Thánh thất Sài Gòn",
        "name:en": "Cao Dai Temple of Saigon",
        "religion": "caodaism",
        "@geometry": "center"
      },
      "geometry": {
        "type": "Point",
        "coordinates": [
          106.6795253,
          10.754548
        ]
      },
      "id": "way/1427983377"
    },
    {
      "type": "Feature",
      "properties": {
        "@id": "way/1435603835",
        "addr:housenumber": "1A",
        "addr:street": "Đường Bà Triệu",
        "amenity": "restaurant",
        "building": "terrace",
        "name": "Quán ăn 86",
        "@geometry": "center"
      },
      "geometry": {
        "type": "Point",
        "coordinates": [
          106.6626851,
          10.7572016
        ]
      },
      "id": "way/1435603835"
    },
    {
      "type": "Feature",
      "properties": {
        "@id": "way/1435603843",
        "addr:housenumber": "1L",
        "addr:street": "Đường Bà Triệu",
        "building": "terrace",
        "name": "Hoàng Lan",
        "tourism": "motel",
        "@geometry": "center"
      },
      "geometry": {
        "type": "Point",
        "coordinates": [
          106.6623261,
          10.7571273
        ]
      },
      "id": "way/1435603843"
    },
    {
      "type": "Feature",
      "properties": {
        "@id": "way/1435603844",
        "addr:housenumber": "1M",
        "addr:street": "Đường Bà Triệu",
        "amenity": "restaurant",
        "building": "terrace",
        "cuisine": "vietnamese",
        "name": "Hoa Thiện",
        "@geometry": "center"
      },
      "geometry": {
        "type": "Point",
        "coordinates": [
          106.6622911,
          10.7571201
        ]
      },
      "id": "way/1435603844"
    },
    {
      "type": "Feature",
      "properties": {
        "@id": "way/1435603848",
        "addr:housenumber": "29",
        "addr:street": "Đường Nguyễn Kim",
        "amenity": "cafe",
        "building": "terrace",
        "name": "Cafe 29",
        "@geometry": "center"
      },
      "geometry": {
        "type": "Point",
        "coordinates": [
          106.6628108,
          10.7573018
        ]
      },
      "id": "way/1435603848"
    },
    {
      "type": "Feature",
      "properties": {
        "@id": "way/1435603849",
        "addr:housenumber": "25",
        "addr:street": "Đường Nguyễn Kim",
        "amenity": "restaurant",
        "building": "terrace",
        "name": "Quán 29",
        "@geometry": "center"
      },
      "geometry": {
        "type": "Point",
        "coordinates": [
          106.6628311,
          10.7572329
        ]
      },
      "id": "way/1435603849"
    },
    {
      "type": "Feature",
      "properties": {
        "@id": "way/1435603853",
        "addr:housenumber": "19",
        "addr:street": "Đường Nguyễn Kim",
        "amenity": "cafe",
        "building": "terrace",
        "cuisine": "bubble_tea",
        "name": "Trà sữa 10",
        "@geometry": "center"
      },
      "geometry": {
        "type": "Point",
        "coordinates": [
          106.6628539,
          10.7571268
        ]
      },
      "id": "way/1435603853"
    },
    {
      "type": "Feature",
      "properties": {
        "@id": "way/1444550199",
        "addr:housenumber": "520/51",
        "addr:street": "Đường Ngô Gia Tự",
        "amenity": "place_of_worship",
        "building": "yes",
        "name": "Chùa Giác Thanh",
        "religion": "buddhist",
        "@geometry": "center"
      },
      "geometry": {
        "type": "Point",
        "coordinates": [
          106.667086,
          10.7588814
        ]
      },
      "id": "way/1444550199"
    },
    {
      "type": "Feature",
      "properties": {
        "@id": "way/1444550217",
        "addr:housenumber": "540",
        "addr:street": "Đường Ngô Gia Tự",
        "amenity": "cafe",
        "building": "yes",
        "@geometry": "center"
      },
      "geometry": {
        "type": "Point",
        "coordinates": [
          106.6669869,
          10.7575388
        ]
      },
      "id": "way/1444550217"
    },
    {
      "type": "Feature",
      "properties": {
        "@id": "way/1444550218",
        "addr:housenumber": "542",
        "addr:street": "Đường Ngô Gia Tự",
        "amenity": "cafe",
        "building": "yes",
        "name": "VAN Coffee",
        "@geometry": "center"
      },
      "geometry": {
        "type": "Point",
        "coordinates": [
          106.6669431,
          10.7574803
        ]
      },
      "id": "way/1444550218"
    },
    {
      "type": "Feature",
      "properties": {
        "@id": "way/1444550219",
        "addr:housenumber": "544",
        "addr:street": "Đường Ngô Gia Tự",
        "amenity": "food_court",
        "building": "yes",
        "@geometry": "center"
      },
      "geometry": {
        "type": "Point",
        "coordinates": [
          106.6668884,
          10.757426
        ]
      },
      "id": "way/1444550219"
    },
    {
      "type": "Feature",
      "properties": {
        "@id": "way/1444550234",
        "leisure": "park",
        "@geometry": "center"
      },
      "geometry": {
        "type": "Point",
        "coordinates": [
          106.6659714,
          10.7581267
        ]
      },
      "id": "way/1444550234"
    },
    {
      "type": "Feature",
      "properties": {
        "@id": "way/1444550259",
        "addr:housenumber": "149",
        "addr:street": "Đường Nguyễn Chí Thanh",
        "building": "yes",
        "name": "Thành Đạt",
        "shop": "car_parts",
        "@geometry": "center"
      },
      "geometry": {
        "type": "Point",
        "coordinates": [
          106.6663104,
          10.7591546
        ]
      },
      "id": "way/1444550259"
    },
    {
      "type": "Feature",
      "properties": {
        "@id": "way/1444550260",
        "addr:housenumber": "147",
        "addr:street": "Đường Nguyễn Chí Thanh",
        "building": "yes",
        "name": "Văn Thới",
        "shop": "car_parts",
        "@geometry": "center"
      },
      "geometry": {
        "type": "Point",
        "coordinates": [
          106.6663635,
          10.7591609
        ]
      },
      "id": "way/1444550260"
    },
    {
      "type": "Feature",
      "properties": {
        "@id": "way/1444550261",
        "addr:housenumber": "151",
        "addr:street": "Đường Nguyễn Chí Thanh",
        "amenity": "food_court",
        "building": "yes",
        "name": "Ngọc Yến",
        "@geometry": "center"
      },
      "geometry": {
        "type": "Point",
        "coordinates": [
          106.6662367,
          10.7592181
        ]
      },
      "id": "way/1444550261"
    },
    {
      "type": "Feature",
      "properties": {
        "@id": "way/1444550265",
        "addr:housenumber": "139",
        "addr:street": "Đường Nguyễn Chí Thanh",
        "building": "yes",
        "leisure": "fitness_centre",
        "name": "Pandora",
        "sport": "gymnastics",
        "@geometry": "center"
      },
      "geometry": {
        "type": "Point",
        "coordinates": [
          106.6665641,
          10.759205
        ]
      },
      "id": "way/1444550265"
    },
    {
      "type": "Feature",
      "properties": {
        "@id": "way/1444550266",
        "addr:housenumber": "137D",
        "addr:street": "Đường Nguyễn Chí Thanh",
        "building": "yes",
        "name": "Wrap Việt",
        "shop": "car_parts",
        "@geometry": "center"
      },
      "geometry": {
        "type": "Point",
        "coordinates": [
          106.6666648,
          10.7592565
        ]
      },
      "id": "way/1444550266"
    },
    {
      "type": "Feature",
      "properties": {
        "@id": "way/1444550301",
        "addr:housenumber": "135E",
        "addr:street": "Đường Nguyễn Chí Thanh",
        "building": "yes",
        "name": "Kim Thành",
        "shop": "motorcycle_parts",
        "@geometry": "center"
      },
      "geometry": {
        "type": "Point",
        "coordinates": [
          106.6670653,
          10.7593401
        ]
      },
      "id": "way/1444550301"
    },
    {
      "type": "Feature",
      "properties": {
        "@id": "way/1444550302",
        "addr:housenumber": "135F",
        "addr:street": "Đường Nguyễn Chí Thanh",
        "building": "yes",
        "name": "Kim Thành",
        "shop": "motorcycle_parts",
        "@geometry": "center"
      },
      "geometry": {
        "type": "Point",
        "coordinates": [
          106.6670288,
          10.7593325
        ]
      },
      "id": "way/1444550302"
    },
    {
      "type": "Feature",
      "properties": {
        "@id": "way/1444550303",
        "addr:housenumber": "135G",
        "addr:street": "Đường Nguyễn Chí Thanh",
        "amenity": "food_court",
        "building": "yes",
        "@geometry": "center"
      },
      "geometry": {
        "type": "Point",
        "coordinates": [
          106.6669924,
          10.7593249
        ]
      },
      "id": "way/1444550303"
    },
    {
      "type": "Feature",
      "properties": {
        "@id": "way/1444550304",
        "addr:housenumber": "135H-137",
        "addr:street": "Đường Nguyễn Chí Thanh",
        "building": "yes",
        "name": "Khanh Chế Tem Xe",
        "shop": "car_parts",
        "@geometry": "center"
      },
      "geometry": {
        "type": "Point",
        "coordinates": [
          106.6669377,
          10.7593135
        ]
      },
      "id": "way/1444550304"
    },
    {
      "type": "Feature",
      "properties": {
        "@id": "way/1444550309",
        "addr:housenumber": "135A",
        "addr:street": "Đường Nguyễn Chí Thanh",
        "building": "yes",
        "name": "Ân Decal",
        "shop": "car_parts",
        "@geometry": "center"
      },
      "geometry": {
        "type": "Point",
        "coordinates": [
          106.6672111,
          10.7593705
        ]
      },
      "id": "way/1444550309"
    },
    {
      "type": "Feature",
      "properties": {
        "@id": "way/1444550332",
        "addr:housenumber": "520/35",
        "addr:street": "Đường Ngô Gia Tự",
        "amenity": "cafe",
        "building": "yes",
        "name": "Galaxy Tường Lam",
        "@geometry": "center"
      },
      "geometry": {
        "type": "Point",
        "coordinates": [
          106.6673751,
          10.7589596
        ]
      },
      "id": "way/1444550332"
    },
    {
      "type": "Feature",
      "properties": {
        "@id": "way/1444550390",
        "addr:housenumber": "520",
        "addr:street": "Đường Ngô Gia Tự",
        "amenity": "cafe",
        "building": "yes",
        "name": "The Wall Coffee",
        "shop": "coffee",
        "@geometry": "center"
      },
      "geometry": {
        "type": "Point",
        "coordinates": [
          106.6678012,
          10.7587752
        ]
      },
      "id": "way/1444550390"
    },
    {
      "type": "Feature",
      "properties": {
        "@id": "way/1444550392",
        "addr:housenumber": "518",
        "addr:street": "Đường Ngô Gia Tự",
        "building": "yes",
        "name": "Hồng Cúc",
        "tourism": "motel",
        "@geometry": "center"
      },
      "geometry": {
        "type": "Point",
        "coordinates": [
          106.6678357,
          10.7588216
        ]
      },
      "id": "way/1444550392"
    },
    {
      "type": "Feature",
      "properties": {
        "@id": "way/1444550418",
        "addr:housenumber": "133F",
        "addr:street": "Đường Nguyễn Chí Thanh",
        "building": "yes",
        "shop": "car_parts",
        "@geometry": "center"
      },
      "geometry": {
        "type": "Point",
        "coordinates": [
          106.6674751,
          10.7594248
        ]
      },
      "id": "way/1444550418"
    },
    {
      "type": "Feature",
      "properties": {
        "@id": "way/1444550421",
        "addr:housenumber": "133C",
        "addr:street": "Đường Nguyễn Chí Thanh",
        "amenity": "cafe",
        "building": "yes",
        "name": "VP-Coffee",
        "@geometry": "center"
      },
      "geometry": {
        "type": "Point",
        "coordinates": [
          106.6675829,
          10.7594473
        ]
      },
      "id": "way/1444550421"
    },
    {
      "type": "Feature",
      "properties": {
        "@id": "way/1444550436",
        "leisure": "park",
        "@geometry": "center"
      },
      "geometry": {
        "type": "Point",
        "coordinates": [
          106.6684801,
          10.7595723
        ]
      },
      "id": "way/1444550436"
    },
    {
      "type": "Feature",
      "properties": {
        "@id": "way/1448150728",
        "leisure": "sports_centre",
        "name": "Nhà đa năng Lý Phong",
        "@geometry": "center"
      },
      "geometry": {
        "type": "Point",
        "coordinates": [
          106.6708886,
          10.7577816
        ]
      },
      "id": "way/1448150728"
    },
    {
      "type": "Feature",
      "properties": {
        "@id": "way/1449964774",
        "addr:housenumber": "33",
        "addr:street": "Đường Nguyễn Kim",
        "amenity": "cafe",
        "building": "yes",
        "name": "Sailor Moon",
        "@geometry": "center"
      },
      "geometry": {
        "type": "Point",
        "coordinates": [
          106.6628006,
          10.7576351
        ]
      },
      "id": "way/1449964774"
    },
    {
      "type": "Feature",
      "properties": {
        "@id": "way/1449964782",
        "addr:housenumber": "7A",
        "addr:street": "Đường Tăng Bạt Hổ",
        "building": "yes",
        "name": "Orlaine Paris",
        "shop": "beauty",
        "@geometry": "center"
      },
      "geometry": {
        "type": "Point",
        "coordinates": [
          106.662143,
          10.7577505
        ]
      },
      "id": "way/1449964782"
    },
    {
      "type": "Feature",
      "properties": {
        "@id": "way/1449964789",
        "addr:housenumber": "4",
        "addr:street": "Đường Lý Thường Kiệt",
        "amenity": "restaurant",
        "building": "yes",
        "name": "Quán 04",
        "@geometry": "center"
      },
      "geometry": {
        "type": "Point",
        "coordinates": [
          106.6621195,
          10.7574613
        ]
      },
      "id": "way/1449964789"
    },
    {
      "type": "Feature",
      "properties": {
        "@id": "way/1449964794",
        "addr:housenumber": "2",
        "addr:street": "Đường Bà Triệu",
        "amenity": "place_of_worship",
        "building": "yes",
        "name": "Tịnh xá Quan Âm",
        "religion": "buddhist",
        "@geometry": "center"
      },
      "geometry": {
        "type": "Point",
        "coordinates": [
          106.6626912,
          10.757543
        ]
      },
      "id": "way/1449964794"
    },
    {
      "type": "Feature",
      "properties": {
        "@id": "way/1451242349",
        "addr:housenumber": "1",
        "addr:street": "Đường Tăng Bạt Hổ",
        "amenity": "restaurant",
        "building": "yes",
        "cuisine": "vietnamese",
        "name": "Vô Thường",
        "@geometry": "center"
      },
      "geometry": {
        "type": "Point",
        "coordinates": [
          106.6628147,
          10.7578434
        ]
      },
      "id": "way/1451242349"
    },
    {
      "type": "Feature",
      "properties": {
        "@id": "way/1453252504",
        "leisure": "sports_centre",
        "name": "Câu lạc bộ Thể dục Thể thao Trường Trung học phổ thông Hùng Vương",
        "@geometry": "center"
      },
      "geometry": {
        "type": "Point",
        "coordinates": [
          106.6636552,
          10.7571397
        ]
      },
      "id": "way/1453252504"
    },
    {
      "type": "Feature",
      "properties": {
        "@id": "way/1456717152",
        "addr:housenumber": "149/19",
        "addr:street": "Đường Nguyễn Tri Phương",
        "amenity": "restaurant",
        "building": "yes",
        "diet:vegetarian": "yes",
        "name": "Lục Diệp",
        "@geometry": "center"
      },
      "geometry": {
        "type": "Point",
        "coordinates": [
          106.6690139,
          10.755318
        ]
      },
      "id": "way/1456717152"
    },
    {
      "type": "Feature",
      "properties": {
        "@id": "way/1456717177",
        "addr:housenumber": "6",
        "addr:street": "Đường Phước Hưng",
        "amenity": "restaurant",
        "building": "yes",
        "cuisine": "barbecue",
        "name": "4-Q",
        "@geometry": "center"
      },
      "geometry": {
        "type": "Point",
        "coordinates": [
          106.6689399,
          10.7548634
        ]
      },
      "id": "way/1456717177"
    },
    {
      "type": "Feature",
      "properties": {
        "@id": "way/1456717192",
        "addr:housenumber": "58",
        "addr:street": "Đường Phước Hưng",
        "beauty": "skin_care",
        "building": "yes",
        "name": "The Great Clinic",
        "shop": "beauty",
        "@geometry": "center"
      },
      "geometry": {
        "type": "Point",
        "coordinates": [
          106.6687451,
          10.7558058
        ]
      },
      "id": "way/1456717192"
    },
    {
      "type": "Feature",
      "properties": {
        "@id": "way/1456717225",
        "addr:housenumber": "528-530",
        "addr:street": "Đường Nguyễn Trãi",
        "amenity": "restaurant",
        "building": "yes",
        "cuisine": "regional",
        "name": "Maika",
        "@geometry": "center"
      },
      "geometry": {
        "type": "Point",
        "coordinates": [
          106.6692194,
          10.7547259
        ]
      },
      "id": "way/1456717225"
    },
    {
      "type": "Feature",
      "properties": {
        "@id": "way/1456717235",
        "addr:housenumber": "544",
        "addr:street": "Đường Nguyễn Trãi",
        "amenity": "restaurant",
        "building": "yes",
        "name": "Nhà hàng 544",
        "@geometry": "center"
      },
      "geometry": {
        "type": "Point",
        "coordinates": [
          106.6689556,
          10.7546731
        ]
      },
      "id": "way/1456717235"
    },
    {
      "type": "Feature",
      "properties": {
        "@id": "way/1456717236",
        "addr:housenumber": "546",
        "addr:street": "Đường Nguyễn Trãi",
        "amenity": "restaurant",
        "building": "yes",
        "cuisine": "vietnamese",
        "name": "Cháo thập cẩm nấu Kỷ Ngon",
        "@geometry": "center"
      },
      "geometry": {
        "type": "Point",
        "coordinates": [
          106.6689064,
          10.7546696
        ]
      },
      "id": "way/1456717236"
    },
    {
      "type": "Feature",
      "properties": {
        "@id": "way/1456717247",
        "addr:housenumber": "118",
        "addr:street": "Đường An Dương Vương",
        "amenity": "cafe",
        "building": "yes",
        "name": "JuiceTime",
        "@geometry": "center"
      },
      "geometry": {
        "type": "Point",
        "coordinates": [
          106.6688774,
          10.7567788
        ]
      },
      "id": "way/1456717247"
    },
    {
      "type": "Feature",
      "properties": {
        "@id": "way/1456717251",
        "addr:housenumber": "207",
        "addr:street": "Đường Nguyễn Tri Phương",
        "amenity": "restaurant",
        "building": "yes",
        "name": "Cháo Sò Huyết",
        "@geometry": "center"
      },
      "geometry": {
        "type": "Point",
        "coordinates": [
          106.6692289,
          10.7570661
        ]
      },
      "id": "way/1456717251"
    },
    {
      "type": "Feature",
      "properties": {
        "@id": "way/1457214638",
        "addr:housenumber": "646R",
        "addr:street": "Đường Nguyễn Trãi",
        "amenity": "cafe",
        "building": "yes",
        "name": "Gỗ",
        "@geometry": "center"
      },
      "geometry": {
        "type": "Point",
        "coordinates": [
          106.6648,
          10.7538354
        ]
      },
      "id": "way/1457214638"
    },
    {
      "type": "Feature",
      "properties": {
        "@id": "way/1457214639",
        "addr:housenumber": "646Q",
        "addr:street": "Đường Nguyễn Trãi",
        "amenity": "restaurant",
        "building": "yes",
        "cuisine": "vietnamese",
        "name": "Ngách",
        "@geometry": "center"
      },
      "geometry": {
        "type": "Point",
        "coordinates": [
          106.6648359,
          10.7538423
        ]
      },
      "id": "way/1457214639"
    },
    {
      "type": "Feature",
      "properties": {
        "@id": "way/1457214641",
        "addr:housenumber": "646O",
        "addr:street": "Đường Nguyễn Trãi",
        "beauty": "spa",
        "building": "yes",
        "name": "Golde Silk",
        "shop": "beauty",
        "@geometry": "center"
      },
      "geometry": {
        "type": "Point",
        "coordinates": [
          106.6649075,
          10.7538562
        ]
      },
      "id": "way/1457214641"
    },
    {
      "type": "Feature",
      "properties": {
        "@id": "way/1457214642",
        "addr:housenumber": "646N",
        "addr:street": "Đường Nguyễn Trãi",
        "beauty": "nails",
        "building": "yes",
        "name": "Yora",
        "shop": "beauty",
        "@geometry": "center"
      },
      "geometry": {
        "type": "Point",
        "coordinates": [
          106.6649432,
          10.7538632
        ]
      },
      "id": "way/1457214642"
    },
    {
      "type": "Feature",
      "properties": {
        "@id": "way/1457214648",
        "addr:housenumber": "646H",
        "addr:street": "Đường Nguyễn Trãi",
        "amenity": "restaurant",
        "building": "yes",
        "name": "Lắc Kiu",
        "@geometry": "center"
      },
      "geometry": {
        "type": "Point",
        "coordinates": [
          106.665158,
          10.7539049
        ]
      },
      "id": "way/1457214648"
    },
    {
      "type": "Feature",
      "properties": {
        "@id": "way/1457214655",
        "addr:housenumber": "646A",
        "addr:street": "Đường Nguyễn Trãi",
        "amenity": "cafe",
        "building": "yes",
        "name": "The Tching",
        "@geometry": "center"
      },
      "geometry": {
        "type": "Point",
        "coordinates": [
          106.6654314,
          10.7539586
        ]
      },
      "id": "way/1457214655"
    },
    {
      "type": "Feature",
      "properties": {
        "@id": "way/1458935207",
        "amenity": "restaurant",
        "building": "yes",
        "@geometry": "center"
      },
      "geometry": {
        "type": "Point",
        "coordinates": [
          106.6777914,
          10.7632634
        ]
      },
      "id": "way/1458935207"
    },
    {
      "type": "Feature",
      "properties": {
        "@id": "way/1458935208",
        "addr:city": "Ho Chi Minh City",
        "addr:district": "Quận 10",
        "addr:housenumber": "40",
        "addr:street": "Hùng Vương",
        "addr:subdistrict": "Phường 1",
        "amenity": "cafe",
        "building": "yes",
        "internet_access": "wlan",
        "internet_access:fee": "customers",
        "name": "Analog",
        "outdoor_seating": "yes",
        "@geometry": "center"
      },
      "geometry": {
        "type": "Point",
        "coordinates": [
          106.6778233,
          10.7632758
        ]
      },
      "id": "way/1458935208"
    },
    {
      "type": "Feature",
      "properties": {
        "@id": "way/1459467224",
        "addr:city": "Ho Chi Minh City",
        "addr:district": "Quận 10",
        "addr:housenumber": "1",
        "addr:street": "Hồ Thị Kỷ",
        "amenity": "restaurant",
        "building": "yes",
        "name": "Phở Quyên",
        "@geometry": "center"
      },
      "geometry": {
        "type": "Point",
        "coordinates": [
          106.6777149,
          10.7632257
        ]
      },
      "id": "way/1459467224"
    },
    {
      "type": "Feature",
      "properties": {
        "@id": "way/1460675589",
        "addr:city": "Ho Chi Minh City",
        "addr:district": "Quận 10",
        "addr:housenumber": "352",
        "addr:street": "Lê Hồng Phong",
        "amenity": "place_of_worship",
        "building": "yes",
        "name": "Thánh Phao Lô",
        "religion": "christian",
        "@geometry": "center"
      },
      "geometry": {
        "type": "Point",
        "coordinates": [
          106.6762982,
          10.7634219
        ]
      },
      "id": "way/1460675589"
    },
    {
      "type": "Feature",
      "properties": {
        "@id": "way/1460728004",
        "amenity": "restaurant",
        "building": "yes",
        "name": "Bún Bò Huế A. Tuấn",
        "opening_hours": "Mo-Su 06:30-21:00",
        "@geometry": "center"
      },
      "geometry": {
        "type": "Point",
        "coordinates": [
          106.678225,
          10.7645128
        ]
      },
      "id": "way/1460728004"
    },
    {
      "type": "Feature",
      "properties": {
        "@id": "way/1461456034",
        "addr:city": "Ho Chi Minh City",
        "addr:district": "Quận 10",
        "addr:housenumber": "13",
        "addr:street": "Hẻm 103 Hồ Thị Kỷ",
        "addr:subdistrict": "Phường 1",
        "amenity": "restaurant",
        "building": "yes",
        "cuisine": "vietnamese;noodle",
        "name": "Hủ Tiếu Liên",
        "@geometry": "center"
      },
      "geometry": {
        "type": "Point",
        "coordinates": [
          106.6764299,
          10.7659887
        ]
      },
      "id": "way/1461456034"
    },
    {
      "type": "Feature",
      "properties": {
        "@id": "way/1461456035",
        "addr:housenumber": "84",
        "addr:street": "Đường Hồ Thị Kỷ",
        "amenity": "restaurant",
        "building": "yes",
        "name": "Hủ Tiếu Nam Vang Phú Quý",
        "@geometry": "center"
      },
      "geometry": {
        "type": "Point",
        "coordinates": [
          106.6766847,
          10.766083
        ]
      },
      "id": "way/1461456035"
    },
    {
      "type": "Feature",
      "properties": {
        "@id": "way/1463053907",
        "addr:housenumber": "145",
        "addr:street": "Đường Nguyễn Trãi",
        "building": "yes",
        "name": "Song Toàn",
        "shop": "art",
        "@geometry": "center"
      },
      "geometry": {
        "type": "Point",
        "coordinates": [
          106.6790322,
          10.7573976
        ]
      },
      "id": "way/1463053907"
    },
    {
      "type": "Feature",
      "properties": {
        "@id": "way/1463053909",
        "addr:housenumber": "151",
        "addr:street": "Đường Nguyễn Trãi",
        "amenity": "fast_food",
        "building": "yes",
        "name": "Bánh bao Thuý Đỗ",
        "takeaway": "only",
        "@geometry": "center"
      },
      "geometry": {
        "type": "Point",
        "coordinates": [
          106.6789411,
          10.7573614
        ]
      },
      "id": "way/1463053909"
    },
    {
      "type": "Feature",
      "properties": {
        "@id": "way/1463053917",
        "addr:housenumber": "155-157",
        "addr:street": "Đường Nguyễn Trãi",
        "amenity": "restaurant",
        "building": "yes",
        "name": "Gold",
        "@geometry": "center"
      },
      "geometry": {
        "type": "Point",
        "coordinates": [
          106.6787432,
          10.7572574
        ]
      },
      "id": "way/1463053917"
    },
    {
      "type": "Feature",
      "properties": {
        "@id": "way/1463053929",
        "addr:housenumber": "114C",
        "addr:street": "Đường Lê Hồng Phong",
        "amenity": "cafe",
        "building": "yes",
        "name": "Hồng Trà Tuổi Thơ",
        "takeaway": "only",
        "@geometry": "center"
      },
      "geometry": {
        "type": "Point",
        "coordinates": [
          106.6782646,
          10.7569886
        ]
      },
      "id": "way/1463053929"
    },
    {
      "type": "Feature",
      "properties": {
        "@id": "way/1463053930",
        "addr:housenumber": "112",
        "addr:street": "Đường Lê Hồng Phong",
        "amenity": "cafe",
        "building": "yes",
        "diet:vegetarian": "only",
        "name": "Bốn Mùa",
        "takeaway": "only",
        "@geometry": "center"
      },
      "geometry": {
        "type": "Point",
        "coordinates": [
          106.6782765,
          10.7569523
        ]
      },
      "id": "way/1463053930"
    },
    {
      "type": "Feature",
      "properties": {
        "@id": "way/1463053931",
        "addr:housenumber": "92",
        "addr:street": "Đường Lê Hồng Phong",
        "amenity": "cafe",
        "building": "yes",
        "name": "Mơ Chiều",
        "@geometry": "center"
      },
      "geometry": {
        "type": "Point",
        "coordinates": [
          106.6784025,
          10.7566498
        ]
      },
      "id": "way/1463053931"
    },
    {
      "type": "Feature",
      "properties": {
        "@id": "way/1463053941",
        "addr:housenumber": "80",
        "addr:street": "Đường Lê Hồng Phong",
        "amenity": "cafe",
        "building": "yes",
        "diet:vegetarian": "only",
        "name": "Juicy Plus",
        "takeaway": "only",
        "@geometry": "center"
      },
      "geometry": {
        "type": "Point",
        "coordinates": [
          106.6784708,
          10.7564543
        ]
      },
      "id": "way/1463053941"
    },
    {
      "type": "Feature",
      "properties": {
        "@id": "way/1463053946",
        "addr:housenumber": "82",
        "addr:street": "Đường Lê Hồng Phong",
        "amenity": "restaurant",
        "building": "yes",
        "name": "Ngon Mê Ly",
        "takeaway": "only",
        "@geometry": "center"
      },
      "geometry": {
        "type": "Point",
        "coordinates": [
          106.6784588,
          10.7564882
        ]
      },
      "id": "way/1463053946"
    },
    {
      "type": "Feature",
      "properties": {
        "@id": "way/1463053949",
        "addr:housenumber": "74",
        "addr:street": "Đường Lê Hồng Phong",
        "amenity": "cafe",
        "building": "yes",
        "diet:vegetarian": "only",
        "name": "74 Juice",
        "takeaway": "only",
        "@geometry": "center"
      },
      "geometry": {
        "type": "Point",
        "coordinates": [
          106.6785068,
          10.7563523
        ]
      },
      "id": "way/1463053949"
    },
    {
      "type": "Feature",
      "properties": {
        "@id": "way/1463053964",
        "addr:housenumber": "56-58",
        "addr:street": "Đường Lê Hồng Phong",
        "amenity": "restaurant",
        "building": "yes",
        "cuisine": "chinese",
        "name": "Sông",
        "name:zh": "畔溪",
        "@geometry": "center"
      },
      "geometry": {
        "type": "Point",
        "coordinates": [
          106.6787749,
          10.7557081
        ]
      },
      "id": "way/1463053964"
    },
    {
      "type": "Feature",
      "properties": {
        "@id": "way/1463053965",
        "addr:housenumber": "54",
        "addr:street": "Đường Lê Hồng Phong",
        "building": "yes",
        "leisure": "fitness_centre",
        "name": "Fit Center",
        "sport": "gymnastics",
        "@geometry": "center"
      },
      "geometry": {
        "type": "Point",
        "coordinates": [
          106.6788143,
          10.7556085
        ]
      },
      "id": "way/1463053965"
    },
    {
      "type": "Feature",
      "properties": {
        "@id": "way/1463053974",
        "addr:housenumber": "46",
        "addr:street": "Đường Lê Hồng Phong",
        "amenity": "restaurant",
        "building": "yes",
        "cuisine": "vietnamese",
        "name": "Phố Việt",
        "@geometry": "center"
      },
      "geometry": {
        "type": "Point",
        "coordinates": [
          106.6788805,
          10.7553033
        ]
      },
      "id": "way/1463053974"
    },
    {
      "type": "Feature",
      "properties": {
        "@id": "way/1463053987",
        "addr:housenumber": "606",
        "addr:street": "Đường Trần Hưng Ðạo",
        "building": "yes",
        "name": "Lệ Quỳnh",
        "tourism": "hotel",
        "@geometry": "center"
      },
      "geometry": {
        "type": "Point",
        "coordinates": [
          106.6791743,
          10.7549964
        ]
      },
      "id": "way/1463053987"
    },
    {
      "type": "Feature",
      "properties": {
        "@id": "way/1463053997",
        "addr:housenumber": "606",
        "addr:street": "Đường Trần Hưng Ðạo",
        "amenity": "cafe",
        "building": "yes",
        "name": "Trà Phê Cháy",
        "@geometry": "center"
      },
      "geometry": {
        "type": "Point",
        "coordinates": [
          106.6796143,
          10.75512
        ]
      },
      "id": "way/1463053997"
    },
    {
      "type": "Feature",
      "properties": {
        "@id": "way/1463054016",
        "addr:housenumber": "568",
        "addr:street": "Đường Trần Hưng Ðạo",
        "amenity": "restaurant",
        "building": "yes",
        "cuisine": "vietnamese",
        "name": "Cháo Bò Viên 568",
        "@geometry": "center"
      },
      "geometry": {
        "type": "Point",
        "coordinates": [
          106.6803679,
          10.7553091
        ]
      },
      "id": "way/1463054016"
    },
    {
      "type": "Feature",
      "properties": {
        "@id": "way/1463054022",
        "addr:housenumber": "550",
        "addr:street": "Đường Trần Hưng Ðạo",
        "amenity": "restaurant",
        "building": "yes",
        "cuisine": "vietnamese",
        "delivery": "yes",
        "name": "Hậu (Chi nhánh 3)",
        "takeaway": "yes",
        "@geometry": "center"
      },
      "geometry": {
        "type": "Point",
        "coordinates": [
          106.6808272,
          10.7554664
        ]
      },
      "id": "way/1463054022"
    },
    {
      "type": "Feature",
      "properties": {
        "@id": "way/1463054023",
        "addr:housenumber": "546",
        "addr:street": "Đường Trần Hưng Ðạo",
        "amenity": "cafe",
        "building": "yes",
        "name": "Ủa",
        "@geometry": "center"
      },
      "geometry": {
        "type": "Point",
        "coordinates": [
          106.6808952,
          10.7554849
        ]
      },
      "id": "way/1463054023"
    },
    {
      "type": "Feature",
      "properties": {
        "@id": "way/1463054035",
        "addr:housenumber": "540",
        "addr:street": "Đường Trần Hưng Ðạo",
        "building": "yes",
        "name": "Hàn Quốc 3D",
        "shop": "beauty",
        "@geometry": "center"
      },
      "geometry": {
        "type": "Point",
        "coordinates": [
          106.6810651,
          10.7555126
        ]
      },
      "id": "way/1463054035"
    },
    {
      "type": "Feature",
      "properties": {
        "@id": "way/1463054039",
        "addr:housenumber": "91",
        "addr:street": "Đường Trần Bình Trọng",
        "amenity": "cafe",
        "building": "yes",
        "@geometry": "center"
      },
      "geometry": {
        "type": "Point",
        "coordinates": [
          106.6811757,
          10.755692
        ]
      },
      "id": "way/1463054039"
    },
    {
      "type": "Feature",
      "properties": {
        "@id": "way/1463054047",
        "addr:housenumber": "570-572",
        "addr:street": "Đường Trần Hưng Ðạo",
        "building": "yes",
        "name": "La Doma",
        "tourism": "hotel",
        "@geometry": "center"
      },
      "geometry": {
        "type": "Point",
        "coordinates": [
          106.6802603,
          10.7553392
        ]
      },
      "id": "way/1463054047"
    },
    {
      "type": "Feature",
      "properties": {
        "@id": "way/1463054058",
        "addr:housenumber": "129/9",
        "addr:street": "Đường Nguyễn Trãi",
        "beauty": "skin_care",
        "building": "yes",
        "name": "Bliss",
        "shop": "beauty",
        "@geometry": "center"
      },
      "geometry": {
        "type": "Point",
        "coordinates": [
          106.6797009,
          10.7574605
        ]
      },
      "id": "way/1463054058"
    },
    {
      "type": "Feature",
      "properties": {
        "@id": "way/1463054076",
        "addr:housenumber": "119",
        "addr:street": "Đường Nguyễn Trãi",
        "beauty": "skin_care",
        "building": "yes",
        "name": "Baas+",
        "shop": "beauty",
        "@geometry": "center"
      },
      "geometry": {
        "type": "Point",
        "coordinates": [
          106.6800277,
          10.7577936
        ]
      },
      "id": "way/1463054076"
    },
    {
      "type": "Feature",
      "properties": {
        "@id": "way/1463054089",
        "addr:housenumber": "125",
        "addr:street": "Đường Nguyễn Trãi",
        "amenity": "cafe",
        "building": "yes",
        "name": "Long",
        "@geometry": "center"
      },
      "geometry": {
        "type": "Point",
        "coordinates": [
          106.6797127,
          10.7576666
        ]
      },
      "id": "way/1463054089"
    },
    {
      "type": "Feature",
      "properties": {
        "@id": "way/1463633175",
        "addr:housenumber": "129",
        "addr:street": "Đường Trần Bình Trọng",
        "amenity": "cafe",
        "building": "yes",
        "name": "Coffee Take Away",
        "@geometry": "center"
      },
      "geometry": {
        "type": "Point",
        "coordinates": [
          106.6808025,
          10.7570596
        ]
      },
      "id": "way/1463633175"
    },
    {
      "type": "Feature",
      "properties": {
        "@id": "way/1463633176",
        "addr:housenumber": "127",
        "addr:street": "Đường Trần Bình Trọng",
        "amenity": "restaurant",
        "building": "yes",
        "cuisine": "japanese",
        "name": "Sushi Phố Chợ Bàu Sen",
        "takeaway": "only",
        "@geometry": "center"
      },
      "geometry": {
        "type": "Point",
        "coordinates": [
          106.6808082,
          10.7570281
        ]
      },
      "id": "way/1463633176"
    },
    {
      "type": "Feature",
      "properties": {
        "@id": "way/1463633179",
        "addr:housenumber": "161",
        "addr:street": "Đường Trần Bình Trọng",
        "amenity": "cafe",
        "building": "yes",
        "name": "Coffee 161",
        "@geometry": "center"
      },
      "geometry": {
        "type": "Point",
        "coordinates": [
          106.6806622,
          10.7578352
        ]
      },
      "id": "way/1463633179"
    },
    {
      "type": "Feature",
      "properties": {
        "@id": "way/1463633180",
        "addr:housenumber": "157-159",
        "addr:street": "Đường Trần Bình Trọng",
        "building": "yes",
        "name": "MOI Beauty",
        "shop": "beauty",
        "@geometry": "center"
      },
      "geometry": {
        "type": "Point",
        "coordinates": [
          106.680672,
          10.7577816
        ]
      },
      "id": "way/1463633180"
    },
    {
      "type": "Feature",
      "properties": {
        "@id": "way/1463680056",
        "addr:housenumber": "109",
        "addr:street": "Đường Trần Bình Trọng",
        "amenity": "restaurant",
        "building": "yes",
        "name": "A Mẹt",
        "@geometry": "center"
      },
      "geometry": {
        "type": "Point",
        "coordinates": [
          106.6810242,
          10.7561425
        ]
      },
      "id": "way/1463680056"
    },
    {
      "type": "Feature",
      "properties": {
        "@id": "way/1463680057",
        "addr:housenumber": "115A",
        "addr:street": "Đường Trần Bình Trọng",
        "amenity": "restaurant",
        "building": "yes",
        "name": "Mr. Bisteak",
        "@geometry": "center"
      },
      "geometry": {
        "type": "Point",
        "coordinates": [
          106.6809361,
          10.7563569
        ]
      },
      "id": "way/1463680057"
    },
    {
      "type": "Feature",
      "properties": {
        "@id": "way/1463680058",
        "addr:housenumber": "113",
        "addr:street": "Đường Trần Bình Trọng",
        "amenity": "cafe",
        "building": "yes",
        "name": "Là Home Cafe",
        "@geometry": "center"
      },
      "geometry": {
        "type": "Point",
        "coordinates": [
          106.6809564,
          10.7562861
        ]
      },
      "id": "way/1463680058"
    },
    {
      "type": "Feature",
      "properties": {
        "@id": "way/1463680059",
        "addr:housenumber": "117",
        "addr:street": "Đường Trần Bình Trọng",
        "building": "yes",
        "name": "Wisely Hotel",
        "tourism": "hotel",
        "@geometry": "center"
      },
      "geometry": {
        "type": "Point",
        "coordinates": [
          106.680872,
          10.7564674
        ]
      },
      "id": "way/1463680059"
    },
    {
      "type": "Feature",
      "properties": {
        "@id": "way/1463680060",
        "addr:housenumber": "117A",
        "addr:street": "Đường Trần Bình Trọng",
        "amenity": "cafe",
        "building": "yes",
        "name": "Dòng Biển Đức Thiên Phước",
        "@geometry": "center"
      },
      "geometry": {
        "type": "Point",
        "coordinates": [
          106.6809222,
          10.7565804
        ]
      },
      "id": "way/1463680060"
    },
    {
      "type": "Feature",
      "properties": {
        "@id": "way/1463680065",
        "addr:housenumber": "121",
        "addr:street": "Đường Trần Bình Trọng",
        "amenity": "cafe",
        "building": "yes",
        "name": "Good Life",
        "@geometry": "center"
      },
      "geometry": {
        "type": "Point",
        "coordinates": [
          106.6808398,
          10.7568121
        ]
      },
      "id": "way/1463680065"
    },
    {
      "type": "Feature",
      "properties": {
        "@id": "way/1463878471",
        "addr:housenumber": "572B/4",
        "addr:street": "Đường Trần Hưng Ðạo",
        "building": "yes",
        "name": "Bạn Tôi",
        "tourism": "hotel",
        "@geometry": "center"
      },
      "geometry": {
        "type": "Point",
        "coordinates": [
          106.6801024,
          10.7560424
        ]
      },
      "id": "way/1463878471"
    },
    {
      "type": "Feature",
      "properties": {
        "@id": "way/1463889071",
        "addr:housenumber": "58/2/3",
        "addr:street": "Đường Lê Hồng Phong",
        "beauty": "spa",
        "building": "house",
        "name": "An Nhiên Spa",
        "shop": "beauty",
        "@geometry": "center"
      },
      "geometry": {
        "type": "Point",
        "coordinates": [
          106.6791133,
          10.7558909
        ]
      },
      "id": "way/1463889071"
    },
    {
      "type": "Feature",
      "properties": {
        "@id": "way/1465244513",
        "addr:housenumber": "636",
        "addr:street": "Đường Nguyễn Trãi",
        "amenity": "restaurant",
        "building": "yes",
        "diet:vegetarian": "only",
        "name": "Bà Xã",
        "@geometry": "center"
      },
      "geometry": {
        "type": "Point",
        "coordinates": [
          106.6669481,
          10.7542637
        ]
      },
      "id": "way/1465244513"
    },
    {
      "type": "Feature",
      "properties": {
        "@id": "way/1465244515",
        "addr:housenumber": "632A",
        "addr:street": "Đường Nguyễn Trãi",
        "beauty": "spa",
        "building": "yes",
        "name": "Bàng Kiều",
        "shop": "beauty",
        "@geometry": "center"
      },
      "geometry": {
        "type": "Point",
        "coordinates": [
          106.6670755,
          10.7542883
        ]
      },
      "id": "way/1465244515"
    },
    {
      "type": "Feature",
      "properties": {
        "@id": "way/1465244522",
        "addr:housenumber": "626",
        "addr:street": "Đường Nguyễn Trãi",
        "beauty": "spa",
        "building": "yes",
        "name": "Bu",
        "shop": "beauty",
        "@geometry": "center"
      },
      "geometry": {
        "type": "Point",
        "coordinates": [
          106.667327,
          10.7543368
        ]
      },
      "id": "way/1465244522"
    },
    {
      "type": "Feature",
      "properties": {
        "@id": "way/1465244530",
        "addr:housenumber": "634A",
        "addr:street": "Đường Nguyễn Trãi",
        "amenity": "restaurant",
        "building": "yes",
        "name": "Chè Sầu riêng Simi",
        "@geometry": "center"
      },
      "geometry": {
        "type": "Point",
        "coordinates": [
          106.6670036,
          10.7542744
        ]
      },
      "id": "way/1465244530"
    },
    {
      "type": "Feature",
      "properties": {
        "@id": "way/1468140263",
        "addr:housenumber": "129/14",
        "addr:street": "Đường Nguyễn Trãi",
        "amenity": "cafe",
        "building": "yes",
        "name": "Mai Phương",
        "@geometry": "center"
      },
      "geometry": {
        "type": "Point",
        "coordinates": [
          106.6797083,
          10.7570106
        ]
      },
      "id": "way/1468140263"
    },
    {
      "type": "Feature",
      "properties": {
        "@id": "way/1468659819",
        "addr:housenumber": "284",
        "addr:street": "Đường Trần Hưng Ðạo",
        "amenity": "fast_food",
        "building": "yes",
        "cuisine": "chinese",
        "name": "Bánh bao Thành Phát 99",
        "takeaway": "only",
        "@geometry": "center"
      },
      "geometry": {
        "type": "Point",
        "coordinates": [
          106.6631186,
          10.7523365
        ]
      },
      "id": "way/1468659819"
    },
    {
      "type": "Feature",
      "properties": {
        "@id": "way/1468659822",
        "addr:housenumber": "278",
        "addr:street": "Đường Trần Hưng Ðạo",
        "amenity": "cafe",
        "building": "yes",
        "name": "Tuibao",
        "takeaway": "only",
        "@geometry": "center"
      },
      "geometry": {
        "type": "Point",
        "coordinates": [
          106.6632331,
          10.7523474
        ]
      },
      "id": "way/1468659822"
    },
    {
      "type": "Feature",
      "properties": {
        "@id": "way/1468659823",
        "addr:housenumber": "274",
        "addr:street": "Đường Trần Hưng Ðạo",
        "building": "yes",
        "leisure": "fitness_centre",
        "name": "No.1 Muay Club",
        "sport": "gymnastics",
        "@geometry": "center"
      },
      "geometry": {
        "type": "Point",
        "coordinates": [
          106.6636803,
          10.7523452
        ]
      },
      "id": "way/1468659823"
    },
    {
      "type": "Feature",
      "properties": {
        "@id": "way/1468659825",
        "addr:housenumber": "270",
        "addr:street": "Đường Trần Hưng Ðạo",
        "amenity": "cafe",
        "building": "yes",
        "name": "Ego Eimi",
        "@geometry": "center"
      },
      "geometry": {
        "type": "Point",
        "coordinates": [
          106.6640922,
          10.7523835
        ]
      },
      "id": "way/1468659825"
    },
    {
      "type": "Feature",
      "properties": {
        "@id": "way/1468659827",
        "addr:housenumber": "272A",
        "addr:street": "Đường Trần Hưng Ðạo",
        "amenity": "cafe",
        "building": "yes",
        "name": "Yumei House",
        "@geometry": "center"
      },
      "geometry": {
        "type": "Point",
        "coordinates": [
          106.6640515,
          10.7523793
        ]
      },
      "id": "way/1468659827"
    },
    {
      "type": "Feature",
      "properties": {
        "@id": "way/1468659844",
        "addr:housenumber": "276",
        "addr:street": "Đường Trần Hưng Ðạo",
        "alt_name": "Chùa Bà Hải Nam",
        "amenity": "place_of_worship",
        "heritage": "2",
        "name": "Hội quán Quỳnh Phủ",
        "religion": "taoist",
        "@geometry": "center"
      },
      "geometry": {
        "type": "Point",
        "coordinates": [
          106.6633431,
          10.7525951
        ]
      },
      "id": "way/1468659844"
    },
    {
      "type": "Feature",
      "properties": {
        "@id": "way/1468659867",
        "addr:housenumber": "641",
        "addr:street": "Đường Nguyễn Trãi",
        "amenity": "place_of_worship",
        "landuse": "religious",
        "name": "Thánh đường Hồi giáo Chợ Lớn",
        "religion": "muslim",
        "@geometry": "center"
      },
      "geometry": {
        "type": "Point",
        "coordinates": [
          106.6630779,
          10.7531278
        ]
      },
      "id": "way/1468659867"
    },
    {
      "type": "Feature",
      "properties": {
        "@id": "way/1468659871",
        "addr:housenumber": "36A",
        "addr:street": "Đường Phù Đổng Thiên Vương",
        "amenity": "marketplace",
        "building": "yes",
        "name": "Chợ Xã Tây",
        "@geometry": "center"
      },
      "geometry": {
        "type": "Point",
        "coordinates": [
          106.6628536,
          10.7530137
        ]
      },
      "id": "way/1468659871"
    },
    {
      "type": "Feature",
      "properties": {
        "@id": "way/1469148288",
        "addr:housenumber": "635A",
        "addr:street": "Đường Nguyễn Trãi",
        "amenity": "restaurant",
        "building": "yes",
        "name": "Q-MaMaMart & Hotpot",
        "@geometry": "center"
      },
      "geometry": {
        "type": "Point",
        "coordinates": [
          106.6649411,
          10.7535433
        ]
      },
      "id": "way/1469148288"
    },
    {
      "type": "Feature",
      "properties": {
        "@id": "way/1469350414",
        "addr:housenumber": "93",
        "addr:street": "Đường Ngô Quyền",
        "building": "yes",
        "name": "Thượng Hải",
        "tourism": "hotel",
        "@geometry": "center"
      },
      "geometry": {
        "type": "Point",
        "coordinates": [
          106.6663869,
          10.7537319
        ]
      },
      "id": "way/1469350414"
    },
    {
      "type": "Feature",
      "properties": {
        "@id": "way/1469350416",
        "addr:housenumber": "99",
        "addr:street": "Đường Ngô Quyền",
        "amenity": "cafe",
        "brand": "Highlands Coffee",
        "brand:wikidata": "Q5759361",
        "building": "yes",
        "cuisine": "coffee_shop;vietnamese",
        "name": "Highlands Coffee",
        "name:en": "Highlands Coffee",
        "takeaway": "yes",
        "@geometry": "center"
      },
      "geometry": {
        "type": "Point",
        "coordinates": [
          106.6663969,
          10.7538657
        ]
      },
      "id": "way/1469350416"
    },
    {
      "type": "Feature",
      "properties": {
        "@id": "way/1469350421",
        "addr:housenumber": "615",
        "addr:street": "Đường Nguyễn Trãi",
        "beauty": "nails",
        "building": "yes",
        "name": "Misa",
        "shop": "beauty",
        "@geometry": "center"
      },
      "geometry": {
        "type": "Point",
        "coordinates": [
          106.6660446,
          10.7537108
        ]
      },
      "id": "way/1469350421"
    },
    {
      "type": "Feature",
      "properties": {
        "@id": "way/1469357720",
        "addr:housenumber": "591",
        "addr:street": "Đường Nguyễn Trãi",
        "amenity": "restaurant",
        "building": "yes",
        "cuisine": "chinese",
        "name": "Lục Trà",
        "@geometry": "center"
      },
      "geometry": {
        "type": "Point",
        "coordinates": [
          106.6669419,
          10.7538909
        ]
      },
      "id": "way/1469357720"
    },
    {
      "type": "Feature",
      "properties": {
        "@id": "way/1469357722",
        "addr:housenumber": "593",
        "addr:street": "Đường Nguyễn Trãi",
        "amenity": "restaurant",
        "building": "yes",
        "cuisine": "sandwich",
        "name": "An An",
        "@geometry": "center"
      },
      "geometry": {
        "type": "Point",
        "coordinates": [
          106.666867,
          10.7538797
        ]
      },
      "id": "way/1469357722"
    },
    {
      "type": "Feature",
      "properties": {
        "@id": "way/1469357723",
        "addr:housenumber": "595",
        "addr:street": "Đường Nguyễn Trãi",
        "amenity": "restaurant",
        "building": "yes",
        "cuisine": "seafood",
        "name": "An An",
        "@geometry": "center"
      },
      "geometry": {
        "type": "Point",
        "coordinates": [
          106.6668296,
          10.7538741
        ]
      },
      "id": "way/1469357723"
    },
    {
      "type": "Feature",
      "properties": {
        "@id": "way/1469357725",
        "addr:housenumber": "599",
        "addr:street": "Đường Nguyễn Trãi",
        "amenity": "fast_food",
        "building": "yes",
        "cuisine": "chicken",
        "name": "OMG",
        "@geometry": "center"
      },
      "geometry": {
        "type": "Point",
        "coordinates": [
          106.6667547,
          10.7538628
        ]
      },
      "id": "way/1469357725"
    },
    {
      "type": "Feature",
      "properties": {
        "@id": "way/1470052568",
        "addr:housenumber": "563A",
        "addr:street": "Đường Nguyễn Trãi",
        "amenity": "restaurant",
        "building": "yes",
        "cuisine": "vietnamese",
        "noname": "yes",
        "takeaway": "only",
        "@geometry": "center"
      },
      "geometry": {
        "type": "Point",
        "coordinates": [
          106.6676523,
          10.7540871
        ]
      },
      "id": "way/1470052568"
    },
    {
      "type": "Feature",
      "properties": {
        "@id": "way/1470052573",
        "addr:housenumber": "559",
        "addr:street": "Đường Nguyễn Trãi",
        "amenity": "cafe",
        "building": "yes",
        "name": "Lena",
        "takeaway": "only",
        "@geometry": "center"
      },
      "geometry": {
        "type": "Point",
        "coordinates": [
          106.6678065,
          10.7541187
        ]
      },
      "id": "way/1470052573"
    },
    {
      "type": "Feature",
      "properties": {
        "@id": "way/1470052588",
        "addr:housenumber": "561A",
        "addr:street": "Đường Nguyễn Trãi",
        "beauty": "cosmetics",
        "building": "yes",
        "name": "Nam Tiến",
        "shop": "beauty",
        "@geometry": "center"
      },
      "geometry": {
        "type": "Point",
        "coordinates": [
          106.6677139,
          10.7540997
        ]
      },
      "id": "way/1470052588"
    },
    {
      "type": "Feature",
      "properties": {
        "@id": "way/1470052596",
        "addr:housenumber": "567",
        "addr:street": "Đường Nguyễn Trãi",
        "amenity": "cafe",
        "building": "yes",
        "name": "Trà sữa Hàn Quốc nhà làm",
        "takeaway": "only",
        "@geometry": "center"
      },
      "geometry": {
        "type": "Point",
        "coordinates": [
          106.6675617,
          10.7540672
        ]
      },
      "id": "way/1470052596"
    },
    {
      "type": "Feature",
      "properties": {
        "@id": "way/1470052605",
        "addr:housenumber": "581",
        "addr:street": "Đường Nguyễn Trãi",
        "amenity": "restaurant",
        "building": "yes",
        "cuisine": "vietnamese",
        "name": "Nguyên Phát II",
        "@geometry": "center"
      },
      "geometry": {
        "type": "Point",
        "coordinates": [
          106.6672977,
          10.7539568
        ]
      },
      "id": "way/1470052605"
    },
    {
      "type": "Feature",
      "properties": {
        "@id": "way/1470052606",
        "addr:housenumber": "583-585",
        "addr:street": "Đường Nguyễn Trãi",
        "amenity": "cafe",
        "building": "yes",
        "name": "Hello Coffee",
        "@geometry": "center"
      },
      "geometry": {
        "type": "Point",
        "coordinates": [
          106.6672402,
          10.7539476
        ]
      },
      "id": "way/1470052606"
    },
    {
      "type": "Feature",
      "properties": {
        "@id": "way/1472036875",
        "addr:housenumber": "566",
        "addr:street": "Đường Nguyễn Trãi",
        "amenity": "restaurant",
        "building": "yes",
        "cuisine": "noodle",
        "name": "Mì trộn Tốp mỡ Trứng lòng đào Bãi Sậy",
        "@geometry": "center"
      },
      "geometry": {
        "type": "Point",
        "coordinates": [
          106.6684006,
          10.7545551
        ]
      },
      "id": "way/1472036875"
    },
    {
      "type": "Feature",
      "properties": {
        "@id": "way/1472036876",
        "addr:housenumber": "580-582",
        "addr:street": "Đường Nguyễn Trãi",
        "building": "yes",
        "name": "Lam Kinh",
        "tourism": "hotel",
        "@geometry": "center"
      },
      "geometry": {
        "type": "Point",
        "coordinates": [
          106.6680908,
          10.7545084
        ]
      },
      "id": "way/1472036876"
    },
    {
      "type": "Feature",
      "properties": {
        "@id": "way/1472147473",
        "addr:housenumber": "529",
        "addr:street": "Đường Nguyễn Trãi",
        "amenity": "cafe",
        "building": "yes",
        "name": "Siamcha",
        "takeaway": "yes",
        "@geometry": "center"
      },
      "geometry": {
        "type": "Point",
        "coordinates": [
          106.6688324,
          10.7542889
        ]
      },
      "id": "way/1472147473"
    },
    {
      "type": "Feature",
      "properties": {
        "@id": "way/1472147478",
        "addr:housenumber": "539",
        "addr:street": "Đường Nguyễn Trãi",
        "amenity": "cafe",
        "building": "yes",
        "name": "Laha Café",
        "@geometry": "center"
      },
      "geometry": {
        "type": "Point",
        "coordinates": [
          106.6686657,
          10.7542563
        ]
      },
      "id": "way/1472147478"
    },
    {
      "type": "Feature",
      "properties": {
        "@id": "way/1473510530",
        "addr:housenumber": "509",
        "addr:street": "Đường Nguyễn Trãi",
        "amenity": "restaurant",
        "building": "yes",
        "cuisine": "vietnamese",
        "name": "Lẩu gà lá é Tao Ngộ",
        "@geometry": "center"
      },
      "geometry": {
        "type": "Point",
        "coordinates": [
          106.6692506,
          10.7543705
        ]
      },
      "id": "way/1473510530"
    },
    {
      "type": "Feature",
      "properties": {
        "@id": "way/1473510531",
        "addr:housenumber": "511",
        "addr:street": "Đường Nguyễn Trãi",
        "beauty": "cosmetics",
        "building": "yes",
        "name": "May Beauty",
        "shop": "beauty",
        "@geometry": "center"
      },
      "geometry": {
        "type": "Point",
        "coordinates": [
          106.6692153,
          10.7543638
        ]
      },
      "id": "way/1473510531"
    },
    {
      "type": "Feature",
      "properties": {
        "@id": "way/1473580001",
        "addr:housenumber": "110B",
        "addr:street": "Đường Ngô Quyền",
        "amenity": "cafe",
        "landuse": "retail",
        "name": "Hi-End Coffee",
        "@geometry": "center"
      },
      "geometry": {
        "type": "Point",
        "coordinates": [
          106.6667326,
          10.7545296
        ]
      },
      "id": "way/1473580001"
    },
    {
      "type": "Feature",
      "properties": {
        "@id": "way/1473780164",
        "addr:housenumber": "1007-1009",
        "addr:street": "Đường Nguyễn Trãi",
        "amenity": "restaurant",
        "building": "yes",
        "name": "Sương Mai 1007",
        "@geometry": "center"
      },
      "geometry": {
        "type": "Point",
        "coordinates": [
          106.652554,
          10.7526401
        ]
      },
      "id": "way/1473780164"
    },
    {
      "type": "Feature",
      "properties": {
        "@id": "way/1473780182",
        "addr:housenumber": "24",
        "addr:street": "Đường Xóm Vôi",
        "amenity": "place_of_worship",
        "name": "Bửu Sơn Cổ Tự",
        "religion": "buddhist",
        "@geometry": "center"
      },
      "geometry": {
        "type": "Point",
        "coordinates": [
          106.6519615,
          10.7527082
        ]
      },
      "id": "way/1473780182"
    },
    {
      "type": "Feature",
      "properties": {
        "@id": "way/1473780207",
        "addr:housenumber": "1067",
        "addr:street": "Đường Nguyễn Trãi",
        "building": "yes",
        "name": "Huê Lý",
        "shop": "car_parts",
        "@geometry": "center"
      },
      "geometry": {
        "type": "Point",
        "coordinates": [
          106.6509882,
          10.7530712
        ]
      },
      "id": "way/1473780207"
    },
    {
      "type": "Feature",
      "properties": {
        "@id": "way/1473780209",
        "addr:housenumber": "1073",
        "addr:street": "Đường Nguyễn Trãi",
        "amenity": "restaurant",
        "building": "yes",
        "cuisine": "vietnamese",
        "name": "Xôi Châu",
        "@geometry": "center"
      },
      "geometry": {
        "type": "Point",
        "coordinates": [
          106.6508517,
          10.7531236
        ]
      },
      "id": "way/1473780209"
    },
    {
      "type": "Feature",
      "properties": {
        "@id": "way/1473780210",
        "addr:housenumber": "1071",
        "addr:street": "Đường Nguyễn Trãi",
        "amenity": "cafe",
        "building": "yes",
        "name": "Ghiền Mía",
        "@geometry": "center"
      },
      "geometry": {
        "type": "Point",
        "coordinates": [
          106.6509046,
          10.7531104
        ]
      },
      "id": "way/1473780210"
    },
    {
      "type": "Feature",
      "properties": {
        "@id": "way/1473780211",
        "addr:housenumber": "62",
        "addr:street": "Đường Nguyễn Thị Nhỏ",
        "beauty": "cosmetics",
        "building": "yes",
        "name": "Maryderma Beauty",
        "shop": "beauty",
        "@geometry": "center"
      },
      "geometry": {
        "type": "Point",
        "coordinates": [
          106.6508388,
          10.7530315
        ]
      },
      "id": "way/1473780211"
    },
    {
      "type": "Feature",
      "properties": {
        "@id": "way/1474060805",
        "addr:housenumber": "1026",
        "addr:street": "Đường Nguyễn Trãi",
        "beauty": "spa",
        "building": "yes",
        "name": "Mai Spa",
        "shop": "beauty",
        "@geometry": "center"
      },
      "geometry": {
        "type": "Point",
        "coordinates": [
          106.6520658,
          10.7531025
        ]
      },
      "id": "way/1474060805"
    },
    {
      "type": "Feature",
      "properties": {
        "@id": "way/1474137780",
        "addr:housenumber": "974",
        "addr:street": "Đường Nguyễn Trãi",
        "beauty": "nails",
        "building": "yes",
        "name": "T.2004 Nails",
        "shop": "beauty",
        "@geometry": "center"
      },
      "geometry": {
        "type": "Point",
        "coordinates": [
          106.6532201,
          10.7529251
        ]
      },
      "id": "way/1474137780"
    },
    {
      "type": "Feature",
      "properties": {
        "@id": "way/1474137786",
        "addr:housenumber": "49",
        "addr:street": "Đường Phú Hữu",
        "amenity": "restaurant",
        "building": "yes",
        "cuisine": "chinese",
        "name": "Thuận Kiều",
        "@geometry": "center"
      },
      "geometry": {
        "type": "Point",
        "coordinates": [
          106.6533943,
          10.7532383
        ]
      },
      "id": "way/1474137786"
    },
    {
      "type": "Feature",
      "properties": {
        "@id": "way/1474137791",
        "addr:housenumber": "978",
        "addr:street": "Đường Nguyễn Trãi",
        "building": "yes",
        "name": "Nhất Tâm",
        "shop": "massage",
        "@geometry": "center"
      },
      "geometry": {
        "type": "Point",
        "coordinates": [
          106.6531733,
          10.7529235
        ]
      },
      "id": "way/1474137791"
    },
    {
      "type": "Feature",
      "properties": {
        "@id": "way/1481721902",
        "addr:housenumber": "33",
        "addr:street": "Đường Phú Hữu",
        "amenity": "place_of_worship",
        "name": "Tịnh xá Sư Trúc Hiên",
        "religion": "buddhist",
        "@geometry": "center"
      },
      "geometry": {
        "type": "Point",
        "coordinates": [
          106.6532637,
          10.7524624
        ]
      },
      "id": "way/1481721902"
    },
    {
      "type": "Feature",
      "properties": {
        "@id": "way/1481721920",
        "addr:housenumber": "983",
        "addr:street": "Đường Nguyễn Trãi",
        "amenity": "ice_cream",
        "building": "yes",
        "name": "Meggy",
        "@geometry": "center"
      },
      "geometry": {
        "type": "Point",
        "coordinates": [
          106.6531094,
          10.7525493
        ]
      },
      "id": "way/1481721920"
    },
    {
      "type": "Feature",
      "properties": {
        "@id": "way/1482251693",
        "addr:housenumber": "25",
        "addr:street": "Đường Học Lạc",
        "amenity": "place_of_worship",
        "denomination": "roman_catholic",
        "name": "Nhà thờ Giáo xứ Thánh Phanxicô Xaviê",
        "religion": "christian",
        "@geometry": "center"
      },
      "geometry": {
        "type": "Point",
        "coordinates": [
          106.6539469,
          10.752034
        ]
      },
      "id": "way/1482251693"
    },
    {
      "type": "Feature",
      "properties": {
        "@id": "way/1482251710",
        "addr:housenumber": "33",
        "addr:street": "Đường Học Lạc",
        "amenity": "restaurant",
        "building": "yes",
        "name": "Bảo Bình",
        "@geometry": "center"
      },
      "geometry": {
        "type": "Point",
        "coordinates": [
          106.6543054,
          10.7530916
        ]
      },
      "id": "way/1482251710"
    },
    {
      "type": "Feature",
      "properties": {
        "@id": "way/1482251733",
        "addr:housenumber": "936",
        "addr:street": "Đường Nguyễn Trãi",
        "amenity": "restaurant",
        "building": "yes",
        "cuisine": "noodle",
        "name": "Lai Ký Mì Gia",
        "takeaway": "only",
        "@geometry": "center"
      },
      "geometry": {
        "type": "Point",
        "coordinates": [
          106.6541347,
          10.7529664
        ]
      },
      "id": "way/1482251733"
    },
    {
      "type": "Feature",
      "properties": {
        "@id": "way/1482251742",
        "addr:housenumber": "924",
        "addr:street": "Đường Nguyễn Trãi",
        "amenity": "cafe",
        "building": "yes",
        "name": "Góc Phố",
        "@geometry": "center"
      },
      "geometry": {
        "type": "Point",
        "coordinates": [
          106.6543628,
          10.7529762
        ]
      },
      "id": "way/1482251742"
    },
    {
      "type": "Feature",
      "properties": {
        "@id": "way/1482385544",
        "addr:housenumber": "19",
        "addr:street": "Đường Học Lạc",
        "building": "yes",
        "name": "Xương Thế Kỳ",
        "shop": "craft",
        "@geometry": "center"
      },
      "geometry": {
        "type": "Point",
        "coordinates": [
          106.6542896,
          10.7516739
        ]
      },
      "id": "way/1482385544"
    },
    {
      "type": "Feature",
      "properties": {
        "@id": "way/1486116567",
        "addr:housenumber": "26-28",
        "addr:street": "Đường Tản Đà",
        "amenity": "cafe",
        "building": "yes",
        "name": "Lalaba",
        "@geometry": "center"
      },
      "geometry": {
        "type": "Point",
        "coordinates": [
          106.6647559,
          10.7512584
        ]
      },
      "id": "way/1486116567"
    },
    {
      "type": "Feature",
      "properties": {
        "@id": "way/1486116582",
        "addr:housenumber": "53",
        "addr:street": "Đường An Điềm",
        "amenity": "cafe",
        "building": "yes",
        "name": "Nước mía - Nước ép 53",
        "@geometry": "center"
      },
      "geometry": {
        "type": "Point",
        "coordinates": [
          106.665573,
          10.7515024
        ]
      },
      "id": "way/1486116582"
    },
    {
      "type": "Feature",
      "properties": {
        "@id": "way/1486116584",
        "addr:housenumber": "55",
        "addr:street": "Đường An Điềm",
        "beauty": "nails",
        "building": "yes",
        "name": "Kate",
        "shop": "beauty",
        "@geometry": "center"
      },
      "geometry": {
        "type": "Point",
        "coordinates": [
          106.6655392,
          10.751498
        ]
      },
      "id": "way/1486116584"
    },
    {
      "type": "Feature",
      "properties": {
        "@id": "way/1486116585",
        "addr:housenumber": "59",
        "addr:street": "Đường An Điềm",
        "building": "yes",
        "name": "Viễn Đông",
        "tourism": "hotel",
        "@geometry": "center"
      },
      "geometry": {
        "type": "Point",
        "coordinates": [
          106.6654611,
          10.7514874
        ]
      },
      "id": "way/1486116585"
    },
    {
      "type": "Feature",
      "properties": {
        "@id": "way/1486116589",
        "addr:housenumber": "73",
        "addr:street": "Đường An Điềm",
        "beauty": "cosmetics;nails",
        "building": "yes",
        "name": "08 03",
        "shop": "beauty",
        "@geometry": "center"
      },
      "geometry": {
        "type": "Point",
        "coordinates": [
          106.665239,
          10.7514578
        ]
      },
      "id": "way/1486116589"
    },
    {
      "type": "Feature",
      "properties": {
        "@id": "way/1486116591",
        "addr:housenumber": "77",
        "addr:street": "Đường An Điềm",
        "amenity": "restaurant",
        "building": "yes",
        "name": "May Kitchen",
        "@geometry": "center"
      },
      "geometry": {
        "type": "Point",
        "coordinates": [
          106.6651648,
          10.7514478
        ]
      },
      "id": "way/1486116591"
    },
    {
      "type": "Feature",
      "properties": {
        "@id": "way/1486116592",
        "addr:housenumber": "79",
        "addr:street": "Đường An Điềm",
        "amenity": "restaurant",
        "building": "yes",
        "cuisine": "chinese",
        "name": "Chè Phố Tàu",
        "@geometry": "center"
      },
      "geometry": {
        "type": "Point",
        "coordinates": [
          106.6651276,
          10.751443
        ]
      },
      "id": "way/1486116592"
    },
    {
      "type": "Feature",
      "properties": {
        "@id": "way/1486116594",
        "addr:housenumber": "83",
        "addr:street": "Đường An Điềm",
        "amenity": "restaurant",
        "building": "yes",
        "cuisine": "chinese",
        "name": "Tường Phong",
        "@geometry": "center"
      },
      "geometry": {
        "type": "Point",
        "coordinates": [
          106.6650533,
          10.7514328
        ]
      },
      "id": "way/1486116594"
    },
    {
      "type": "Feature",
      "properties": {
        "@id": "way/1486116597",
        "addr:housenumber": "93",
        "addr:street": "Đường An Điềm",
        "amenity": "restaurant",
        "building": "yes",
        "name": "Bếp Bé Ke",
        "@geometry": "center"
      },
      "geometry": {
        "type": "Point",
        "coordinates": [
          106.6648673,
          10.7514082
        ]
      },
      "id": "way/1486116597"
    },
    {
      "type": "Feature",
      "properties": {
        "@id": "way/1486116599",
        "addr:housenumber": "34A",
        "addr:street": "Đường Tản Đà",
        "amenity": "restaurant",
        "building": "yes",
        "name": "Cây Me",
        "@geometry": "center"
      },
      "geometry": {
        "type": "Point",
        "coordinates": [
          106.664743,
          10.7514036
        ]
      },
      "id": "way/1486116599"
    },
    {
      "type": "Feature",
      "properties": {
        "@id": "way/1487080248",
        "addr:housenumber": "951",
        "addr:street": "Đường Nguyễn Trãi",
        "amenity": "cafe",
        "building": "yes",
        "name": "Bôi",
        "@geometry": "center"
      },
      "geometry": {
        "type": "Point",
        "coordinates": [
          106.654829,
          10.7526478
        ]
      },
      "id": "way/1487080248"
    },
    {
      "type": "Feature",
      "properties": {
        "@id": "way/1487080250",
        "addr:housenumber": "949",
        "addr:street": "Đường Nguyễn Trãi",
        "amenity": "restaurant",
        "building": "yes",
        "cuisine": "chinese",
        "name": "Cô Cư Chè quán",
        "@geometry": "center"
      },
      "geometry": {
        "type": "Point",
        "coordinates": [
          106.6548663,
          10.7526499
        ]
      },
      "id": "way/1487080250"
    },
    {
      "type": "Feature",
      "properties": {
        "@id": "way/1487080253",
        "addr:housenumber": "931B",
        "addr:street": "Đường Nguyễn Trãi",
        "amenity": "restaurant",
        "building": "yes",
        "cuisine": "vietnamese",
        "name": "Quán phở bò 931B",
        "@geometry": "center"
      },
      "geometry": {
        "type": "Point",
        "coordinates": [
          106.6550247,
          10.7526581
        ]
      },
      "id": "way/1487080253"
    },
    {
      "type": "Feature",
      "properties": {
        "@id": "way/1487080257",
        "addr:housenumber": "965-967-969",
        "addr:street": "Đường Nguyễn Trãi",
        "amenity": "restaurant",
        "building": "yes",
        "cuisine": "chinese",
        "name": "Kang Kang Hao",
        "@geometry": "center"
      },
      "geometry": {
        "type": "Point",
        "coordinates": [
          106.6545281,
          10.7526311
        ]
      },
      "id": "way/1487080257"
    },
    {
      "type": "Feature",
      "properties": {
        "@id": "way/1487437419",
        "addr:housenumber": "895",
        "addr:street": "Đường Nguyễn Trãi",
        "building": "yes",
        "name": "Thuỷ Nguyễn",
        "shop": "beauty",
        "@geometry": "center"
      },
      "geometry": {
        "type": "Point",
        "coordinates": [
          106.6559774,
          10.7527379
        ]
      },
      "id": "way/1487437419"
    },
    {
      "type": "Feature",
      "properties": {
        "@id": "way/1487437458",
        "addr:housenumber": "896",
        "addr:street": "Đường Nguyễn Trãi",
        "building": "yes",
        "name": "Sao Mai",
        "tourism": "hotel",
        "@geometry": "center"
      },
      "geometry": {
        "type": "Point",
        "coordinates": [
          106.6558892,
          10.7530221
        ]
      },
      "id": "way/1487437458"
    },
    {
      "type": "Feature",
      "properties": {
        "@id": "way/1487437472",
        "addr:housenumber": "906-908",
        "addr:street": "Đường Nguyễn Trãi",
        "building": "yes",
        "name": "Thuận Phùng Hưng",
        "tourism": "hotel",
        "@geometry": "center"
      },
      "geometry": {
        "type": "Point",
        "coordinates": [
          106.6555755,
          10.7530077
        ]
      },
      "id": "way/1487437472"
    },
    {
      "type": "Feature",
      "properties": {
        "@id": "way/1487718861",
        "addr:housenumber": "856",
        "addr:street": "Đường Nguyễn Trãi",
        "building": "yes",
        "noname": "yes",
        "shop": "beauty",
        "@geometry": "center"
      },
      "geometry": {
        "type": "Point",
        "coordinates": [
          106.6567906,
          10.7530724
        ]
      },
      "id": "way/1487718861"
    },
    {
      "type": "Feature",
      "properties": {
        "@id": "way/1487718866",
        "addr:housenumber": "868",
        "addr:street": "Đường Nguyễn Trãi",
        "amenity": "restaurant",
        "building": "yes",
        "cuisine": "vietnamese",
        "name": "Chế Trang",
        "@geometry": "center"
      },
      "geometry": {
        "type": "Point",
        "coordinates": [
          106.6565634,
          10.7530619
        ]
      },
      "id": "way/1487718866"
    },
    {
      "type": "Feature",
      "properties": {
        "@id": "way/1487718869",
        "addr:housenumber": "874",
        "addr:street": "Đường Nguyễn Trãi",
        "amenity": "restaurant",
        "building": "yes",
        "cuisine": "vietnamese",
        "noname": "yes",
        "@geometry": "center"
      },
      "geometry": {
        "type": "Point",
        "coordinates": [
          106.6564499,
          10.7530566
        ]
      },
      "id": "way/1487718869"
    },
    {
      "type": "Feature",
      "properties": {
        "@id": "way/1489994541",
        "addr:housenumber": "99",
        "addr:street": "Đường Châu Văn Liêm",
        "amenity": "restaurant",
        "building": "yes",
        "name": "Dân Ích",
        "@geometry": "center"
      },
      "geometry": {
        "type": "Point",
        "coordinates": [
          106.6585186,
          10.7531284
        ]
      },
      "id": "way/1489994541"
    },
    {
      "type": "Feature",
      "properties": {
        "@id": "way/1489994542",
        "addr:housenumber": "802",
        "addr:street": "Đường Nguyễn Trãi",
        "amenity": "place_of_worship",
        "heritage": "2",
        "name": "Hội quán Hà Chương",
        "religion": "taoist",
        "@geometry": "center"
      },
      "geometry": {
        "type": "Point",
        "coordinates": [
          106.6579693,
          10.7532032
        ]
      },
      "id": "way/1489994542"
    },
    {
      "type": "Feature",
      "properties": {
        "@id": "way/1489994556",
        "addr:housenumber": "883",
        "addr:street": "Đường Nguyễn Trãi",
        "amenity": "cafe",
        "building": "yes",
        "name": "Nước ép 883",
        "takeaway": "only",
        "@geometry": "center"
      },
      "geometry": {
        "type": "Point",
        "coordinates": [
          106.6563213,
          10.752766
        ]
      },
      "id": "way/1489994556"
    },
    {
      "type": "Feature",
      "properties": {
        "@id": "way/1489994563",
        "addr:housenumber": "869",
        "addr:street": "Đường Nguyễn Trãi",
        "amenity": "cafe",
        "building": "yes",
        "name": "869 Café",
        "takeaway": "only",
        "@geometry": "center"
      },
      "geometry": {
        "type": "Point",
        "coordinates": [
          106.6565519,
          10.7527792
        ]
      },
      "id": "way/1489994563"
    },
    {
      "type": "Feature",
      "properties": {
        "@id": "way/1489994564",
        "addr:housenumber": "871",
        "addr:street": "Đường Nguyễn Trãi",
        "amenity": "restaurant",
        "building": "yes",
        "cuisine": "indian",
        "name": "Cari Việt Ấn",
        "@geometry": "center"
      },
      "geometry": {
        "type": "Point",
        "coordinates": [
          106.6565193,
          10.7527781
        ]
      },
      "id": "way/1489994564"
    },
    {
      "type": "Feature",
      "properties": {
        "@id": "way/1491399151",
        "addr:housenumber": "81",
        "addr:street": "Đường Nguyễn Trãi",
        "building": "yes",
        "name": "Thanh Ngọc",
        "tourism": "hotel",
        "@geometry": "center"
      },
      "geometry": {
        "type": "Point",
        "coordinates": [
          106.6585503,
          10.7527323
        ]
      },
      "id": "way/1491399151"
    },
    {
      "type": "Feature",
      "properties": {
        "@id": "way/1491399165",
        "addr:housenumber": "815B",
        "addr:street": "Đường Nguyễn Trãi",
        "amenity": "restaurant",
        "building": "yes",
        "cuisine": "chinese",
        "name": "Lái Ky Sa tế",
        "takeaway": "only",
        "@geometry": "center"
      },
      "geometry": {
        "type": "Point",
        "coordinates": [
          106.6579588,
          10.7528516
        ]
      },
      "id": "way/1491399165"
    },
    {
      "type": "Feature",
      "properties": {
        "@id": "way/1491399167",
        "addr:housenumber": "813",
        "addr:street": "Đường Nguyễn Trãi",
        "building": "yes",
        "leisure": "fitness_centre",
        "name": "Jhana Yoga",
        "sport": "yoga",
        "@geometry": "center"
      },
      "geometry": {
        "type": "Point",
        "coordinates": [
          106.6581216,
          10.7528491
        ]
      },
      "id": "way/1491399167"
    },
    {
      "type": "Feature",
      "properties": {
        "@id": "way/1491399174",
        "addr:housenumber": "801",
        "addr:street": "Đường Nguyễn Trãi",
        "amenity": "restaurant",
        "building": "yes",
        "name": "Cơm gà Đông Nguyên",
        "@geometry": "center"
      },
      "geometry": {
        "type": "Point",
        "coordinates": [
          106.6583471,
          10.7528149
        ]
      },
      "id": "way/1491399174"
    },
    {
      "type": "Feature",
      "properties": {
        "@id": "way/1491399180",
        "addr:housenumber": "87-89-91",
        "addr:street": "Đường Châu Văn Liêm",
        "amenity": "restaurant",
        "building": "yes",
        "name": "Cơm gà Đông Nguyên",
        "@geometry": "center"
      },
      "geometry": {
        "type": "Point",
        "coordinates": [
          106.6585611,
          10.7528819
        ]
      },
      "id": "way/1491399180"
    },
    {
      "type": "Feature",
      "properties": {
        "@id": "way/1492074372",
        "addr:housenumber": "756",
        "addr:street": "Đường Nguyễn Trãi",
        "leisure": "sports_centre",
        "name": "Trung tâm Thể dục Thể thao Quận 5",
        "@geometry": "center"
      },
      "geometry": {
        "type": "Point",
        "coordinates": [
          106.6597712,
          10.7534442
        ]
      },
      "id": "way/1492074372"
    },
    {
      "type": "Feature",
      "properties": {
        "@id": "way/1492074388",
        "addr:housenumber": "780-782",
        "addr:street": "Đường Nguyễn Trãi",
        "building": "yes",
        "name": "Lệ Ái",
        "tourism": "hotel",
        "@geometry": "center"
      },
      "geometry": {
        "type": "Point",
        "coordinates": [
          106.6590856,
          10.753146
        ]
      },
      "id": "way/1492074388"
    },
    {
      "type": "Feature",
      "properties": {
        "@id": "way/1492074389",
        "addr:housenumber": "778",
        "addr:street": "Đường Nguyễn Trãi",
        "beauty": "spa",
        "building": "yes",
        "name": "ST HomeSpa",
        "shop": "beauty",
        "@geometry": "center"
      },
      "geometry": {
        "type": "Point",
        "coordinates": [
          106.6591385,
          10.753147
        ]
      },
      "id": "way/1492074389"
    },
    {
      "type": "Feature",
      "properties": {
        "@id": "way/1492074395",
        "addr:housenumber": "98",
        "addr:street": "Đường Châu Văn Liêm",
        "building": "yes",
        "name": "Khánh vàng Ngọc Mỹ",
        "shop": "craft",
        "@geometry": "center"
      },
      "geometry": {
        "type": "Point",
        "coordinates": [
          106.6589448,
          10.7531451
        ]
      },
      "id": "way/1492074395"
    },
    {
      "type": "Feature",
      "properties": {
        "@id": "way/1492074398",
        "addr:housenumber": "784",
        "addr:street": "Đường Nguyễn Trãi",
        "amenity": "restaurant",
        "building": "yes",
        "cuisine": "vietnamese",
        "diet:vegetarian": "only",
        "name": "Tuệ Đức",
        "@geometry": "center"
      },
      "geometry": {
        "type": "Point",
        "coordinates": [
          106.6590327,
          10.7531448
        ]
      },
      "id": "way/1492074398"
    },
    {
      "type": "Feature",
      "properties": {
        "@id": "way/1493380322",
        "addr:housenumber": "771-773",
        "addr:street": "Đường Nguyễn Trãi",
        "amenity": "restaurant",
        "building": "yes",
        "cuisine": "chinese",
        "name": "Bếp Huỳnh's",
        "@geometry": "center"
      },
      "geometry": {
        "type": "Point",
        "coordinates": [
          106.6594706,
          10.7529022
        ]
      },
      "id": "way/1493380322"
    },
    {
      "type": "Feature",
      "properties": {
        "@id": "way/1493380327",
        "addr:housenumber": "761",
        "addr:street": "Đường Nguyễn Trãi",
        "amenity": "cafe",
        "building": "yes",
        "name": "Hồng Trà Ngô Gia",
        "ref": "H397",
        "takeaway": "only",
        "@geometry": "center"
      },
      "geometry": {
        "type": "Point",
        "coordinates": [
          106.6596465,
          10.7528935
        ]
      },
      "id": "way/1493380327"
    },
    {
      "type": "Feature",
      "properties": {
        "@id": "way/1493380329",
        "addr:housenumber": "757",
        "addr:street": "Đường Nguyễn Trãi",
        "amenity": "restaurant",
        "building": "yes",
        "cuisine": "chinese",
        "name": "Khâu nhục Ông Làu",
        "@geometry": "center"
      },
      "geometry": {
        "type": "Point",
        "coordinates": [
          106.6597229,
          10.7528946
        ]
      },
      "id": "way/1493380329"
    },
    {
      "type": "Feature",
      "properties": {
        "@id": "way/1493380334",
        "addr:housenumber": "747",
        "addr:street": "Đường Nguyễn Trãi",
        "amenity": "cafe",
        "building": "yes",
        "name": "Home Coffee & Tea",
        "@geometry": "center"
      },
      "geometry": {
        "type": "Point",
        "coordinates": [
          106.6599255,
          10.7528971
        ]
      },
      "id": "way/1493380334"
    },
    {
      "type": "Feature",
      "properties": {
        "@id": "way/1493380335",
        "addr:housenumber": "775",
        "addr:street": "Đường Nguyễn Trãi",
        "amenity": "restaurant",
        "building": "yes",
        "name": "Bánh hạt dẻ Bongsubi",
        "@geometry": "center"
      },
      "geometry": {
        "type": "Point",
        "coordinates": [
          106.6594266,
          10.7529031
        ]
      },
      "id": "way/1493380335"
    },
    {
      "type": "Feature",
      "properties": {
        "@id": "way/1493380374",
        "addr:housenumber": "785",
        "addr:street": "Đường Nguyễn Trãi",
        "building": "yes",
        "name": "Trung Mai",
        "tourism": "hotel",
        "@geometry": "center"
      },
      "geometry": {
        "type": "Point",
        "coordinates": [
          106.6591951,
          10.7528584
        ]
      },
      "id": "way/1493380374"
    },
    {
      "type": "Feature",
      "properties": {
        "@id": "way/1494472511",
        "addr:housenumber": "723",
        "addr:street": "Đường Nguyễn Trãi",
        "amenity": "restaurant",
        "building": "yes",
        "noname": "yes",
        "@geometry": "center"
      },
      "geometry": {
        "type": "Point",
        "coordinates": [
          106.6604893,
          10.7528719
        ]
      },
      "id": "way/1494472511"
    },
    {
      "type": "Feature",
      "properties": {
        "@id": "way/1494472521",
        "addr:housenumber": "741",
        "addr:street": "Đường Nguyễn Trãi",
        "amenity": "restaurant",
        "building": "yes",
        "cuisine": "noodle",
        "name": "Ăn Mì Ngon",
        "@geometry": "center"
      },
      "geometry": {
        "type": "Point",
        "coordinates": [
          106.6601238,
          10.7528764
        ]
      },
      "id": "way/1494472521"
    },
    {
      "type": "Feature",
      "properties": {
        "@id": "way/1497050780",
        "addr:housenumber": "710",
        "addr:street": "Đường Nguyễn Trãi",
        "alt_name": "Miếu Bà Thiên Hậu",
        "amenity": "place_of_worship",
        "heritage": "2",
        "name": "Hội quán Tuệ Thành",
        "religion": "taoist",
        "@geometry": "center"
      },
      "geometry": {
        "type": "Point",
        "coordinates": [
          106.6611898,
          10.7535423
        ]
      },
      "id": "way/1497050780"
    },
    {
      "type": "Feature",
      "properties": {
        "@id": "way/1497591450",
        "addr:housenumber": "125",
        "addr:street": "Đường Triệu Quang Phục",
        "beauty": "nails",
        "building": "yes",
        "name": "Hân Nail",
        "shop": "beauty",
        "@geometry": "center"
      },
      "geometry": {
        "type": "Point",
        "coordinates": [
          106.6612856,
          10.7525992
        ]
      },
      "id": "way/1497591450"
    },
    {
      "type": "Feature",
      "properties": {
        "@id": "way/1497591455",
        "addr:housenumber": "382EF",
        "addr:street": "Đường Trần Hưng Ðạo",
        "amenity": "cafe",
        "building": "yes",
        "name": "Phúc Long",
        "@geometry": "center"
      },
      "geometry": {
        "type": "Point",
        "coordinates": [
          106.6607563,
          10.7522471
        ]
      },
      "id": "way/1497591455"
    },
    {
      "type": "Feature",
      "properties": {
        "@id": "way/1497591459",
        "addr:housenumber": "380",
        "addr:street": "Đường Trần Hưng Ðạo",
        "amenity": "place_of_worship",
        "heritage": "2",
        "name": "Đình Minh Hương Gia Thạnh",
        "religion": "taoist",
        "@geometry": "center"
      },
      "geometry": {
        "type": "Point",
        "coordinates": [
          106.6610674,
          10.7523837
        ]
      },
      "id": "way/1497591459"
    },
    {
      "type": "Feature",
      "properties": {
        "@id": "way/1498171775",
        "addr:housenumber": "382D",
        "addr:street": "Đường Trần Hưng Ðạo",
        "amenity": "cafe",
        "building": "yes",
        "name": "Một Lít",
        "@geometry": "center"
      },
      "geometry": {
        "type": "Point",
        "coordinates": [
          106.6608085,
          10.7522465
        ]
      },
      "id": "way/1498171775"
    },
    {
      "type": "Feature",
      "properties": {
        "@id": "way/1498171781",
        "addr:housenumber": "103",
        "addr:street": "Đường Triệu Quang Phục",
        "building": "yes",
        "name": "Toàn",
        "shop": "craft",
        "@geometry": "center"
      },
      "geometry": {
        "type": "Point",
        "coordinates": [
          106.6613705,
          10.7522106
        ]
      },
      "id": "way/1498171781"
    },
    {
      "type": "Feature",
      "properties": {
        "@id": "way/1498171783",
        "addr:housenumber": "380",
        "addr:street": "Đường Trần Hưng Ðạo",
        "building": "yes",
        "name": "Tấn Thành",
        "shop": "craft",
        "@geometry": "center"
      },
      "geometry": {
        "type": "Point",
        "coordinates": [
          106.6611854,
          10.7521301
        ]
      },
      "id": "way/1498171783"
    },
    {
      "type": "Feature",
      "properties": {
        "@id": "way/1498171789",
        "addr:housenumber": "382",
        "addr:street": "Đường Trần Hưng Ðạo",
        "amenity": "restaurant",
        "building": "yes",
        "cuisine": "vietnamese",
        "name": "An An",
        "@geometry": "center"
      },
      "geometry": {
        "type": "Point",
        "coordinates": [
          106.660964,
          10.7521298
        ]
      },
      "id": "way/1498171789"
    },
    {
      "type": "Feature",
      "properties": {
        "@id": "way/1498171794",
        "addr:housenumber": "123",
        "addr:street": "Đường Triệu Quang Phục",
        "building": "yes",
        "name": "Cẩm Kỳ",
        "shop": "craft",
        "@geometry": "center"
      },
      "geometry": {
        "type": "Point",
        "coordinates": [
          106.6612865,
          10.7525624
        ]
      },
      "id": "way/1498171794"
    },
    {
      "type": "Feature",
      "properties": {
        "@id": "way/1498171795",
        "addr:housenumber": "121",
        "addr:street": "Đường Triệu Quang Phục",
        "building": "yes",
        "name": "Thắng",
        "shop": "craft",
        "@geometry": "center"
      },
      "geometry": {
        "type": "Point",
        "coordinates": [
          106.6612875,
          10.7525256
        ]
      },
      "id": "way/1498171795"
    },
    {
      "type": "Feature",
      "properties": {
        "@id": "way/1499809209",
        "addr:housenumber": "658",
        "addr:street": "Đường Nguyễn Trãi",
        "beauty": "skin_care",
        "building": "yes",
        "name": "Nương Beauty",
        "shop": "beauty",
        "@geometry": "center"
      },
      "geometry": {
        "type": "Point",
        "coordinates": [
          106.6626584,
          10.7534069
        ]
      },
      "id": "way/1499809209"
    },
    {
      "type": "Feature",
      "properties": {
        "@id": "way/1499809210",
        "addr:housenumber": "656",
        "addr:street": "Đường Nguyễn Trãi",
        "amenity": "restaurant",
        "building": "yes",
        "cuisine": "vietnamese",
        "noname": "yes",
        "@geometry": "center"
      },
      "geometry": {
        "type": "Point",
        "coordinates": [
          106.6626954,
          10.7534141
        ]
      },
      "id": "way/1499809210"
    },
    {
      "type": "Feature",
      "properties": {
        "@id": "way/1499809233",
        "addr:housenumber": "678",
        "addr:street": "Đường Nguyễn Trãi",
        "amenity": "place_of_worship",
        "heritage": "2",
        "name": "Hội quán Nghĩa An",
        "religion": "taoist",
        "@geometry": "center"
      },
      "geometry": {
        "type": "Point",
        "coordinates": [
          106.6621207,
          10.7536741
        ]
      },
      "id": "way/1499809233"
    },
    {
      "type": "Feature",
      "properties": {
        "@id": "way/1499809235",
        "addr:housenumber": "662",
        "addr:street": "Đường Nguyễn Trãi",
        "building": "yes",
        "name": "Nhật Xuất",
        "shop": "photo",
        "@geometry": "center"
      },
      "geometry": {
        "type": "Point",
        "coordinates": [
          106.6625844,
          10.7533928
        ]
      },
      "id": "way/1499809235"
    },
    {
      "type": "Feature",
      "properties": {
        "@id": "way/1499809245",
        "addr:housenumber": "690",
        "addr:street": "Đường Nguyễn Trãi",
        "building": "yes",
        "name": "Gia Phú",
        "shop": "books",
        "@geometry": "center"
      },
      "geometry": {
        "type": "Point",
        "coordinates": [
          106.6617971,
          10.753231
        ]
      },
      "id": "way/1499809245"
    },
    {
      "type": "Feature",
      "properties": {
        "@id": "way/1502769151",
        "addr:housenumber": "118A",
        "addr:street": "Đường Triệu Quang Phục",
        "amenity": "restaurant",
        "landuse": "retail",
        "name": "Hải Dương Quán",
        "@geometry": "center"
      },
      "geometry": {
        "type": "Point",
        "coordinates": [
          106.6615813,
          10.752768
        ]
      },
      "id": "way/1502769151"
    },
    {
      "type": "Feature",
      "properties": {
        "@id": "way/1502769158",
        "addr:housenumber": "645",
        "addr:street": "Đường Nguyễn Trãi",
        "amenity": "restaurant",
        "building": "yes",
        "cuisine": "vietnamese",
        "name": "Quán Bún mọc",
        "@geometry": "center"
      },
      "geometry": {
        "type": "Point",
        "coordinates": [
          106.6626857,
          10.7531206
        ]
      },
      "id": "way/1502769158"
    },
    {
      "type": "Feature",
      "properties": {
        "@id": "way/1502769172",
        "addr:housenumber": "118",
        "addr:street": "Đường Triệu Quang Phục",
        "amenity": "place_of_worship",
        "name": "Hội quán Tam Sơn",
        "religion": "taoist",
        "@geometry": "center"
      },
      "geometry": {
        "type": "Point",
        "coordinates": [
          106.6616809,
          10.7525427
        ]
      },
      "id": "way/1502769172"
    },
    {
      "type": "Feature",
      "properties": {
        "@id": "way/1502769174",
        "addr:housenumber": "120B",
        "addr:street": "Đường Triệu Quang Phục",
        "amenity": "cafe",
        "building": "yes",
        "name": "Chidori",
        "@geometry": "center"
      },
      "geometry": {
        "type": "Point",
        "coordinates": [
          106.6615491,
          10.7529432
        ]
      },
      "id": "way/1502769174"
    },
    {
      "type": "Feature",
      "properties": {
        "@id": "way/1510458400",
        "leisure": "sports_centre",
        "@geometry": "center"
      },
      "geometry": {
        "type": "Point",
        "coordinates": [
          106.6582187,
          10.7676399
        ]
      },
      "id": "way/1510458400"
    },
    {
      "type": "Feature",
      "properties": {
        "@id": "way/1517347653",
        "addr:housenumber": "586",
        "addr:street": "Đường Trần Hưng Đạo",
        "amenity": "place_of_worship",
        "heritage": "2",
        "name": "Hội quán Lệ Châu",
        "@geometry": "center"
      },
      "geometry": {
        "type": "Point",
        "coordinates": [
          106.6552129,
          10.7522608
        ]
      },
      "id": "way/1517347653"
    },
    {
      "type": "Feature",
      "properties": {
        "@id": "way/1518080727",
        "addr:housenumber": "5",
        "addr:street": "Đường Châu Văn Liêm",
        "building": "yes",
        "building:levels": "2",
        "heritage": "2",
        "name": "Di tích lưu niệm Chủ tịch Hồ Chí Minh",
        "tourism": "museum",
        "@geometry": "center"
      },
      "geometry": {
        "type": "Point",
        "coordinates": [
          106.6588948,
          10.7511496
        ]
      },
      "id": "way/1518080727"
    },
    {
      "type": "Feature",
      "properties": {
        "@id": "way/1523591691",
        "addr:housenumber": "37",
        "addr:street": "Bach Van",
        "amenity": "marketplace",
        "building": "yes",
        "name": "Chợ Hòa Bình",
        "name:en": "Hoa Binh Market",
        "name:fr": "Marché de Hoa-Binh",
        "opening_hours": "Mo-Su 05:00-22:00",
        "@geometry": "center"
      },
      "geometry": {
        "type": "Point",
        "coordinates": [
          106.6756482,
          10.7520483
        ]
      },
      "id": "way/1523591691"
    },
    {
      "type": "Feature",
      "properties": {
        "@id": "way/1524297432",
        "addr:housenumber": "572-574",
        "addr:street": "Đường Trần Phú",
        "amenity": "theatre",
        "building": "yes",
        "name": "Nhà hát Nghệ thuật Phương Nam",
        "@geometry": "center"
      },
      "geometry": {
        "type": "Point",
        "coordinates": [
          106.668771,
          10.7536417
        ]
      },
      "id": "way/1524297432"
    },
    {
      "type": "Feature",
      "properties": {
        "@id": "way/1524297436",
        "addr:housenumber": "471",
        "addr:street": "Đường Trần Phú",
        "amenity": "restaurant",
        "building": "yes",
        "name": "Vịt quay Quốc Ký",
        "@geometry": "center"
      },
      "geometry": {
        "type": "Point",
        "coordinates": [
          106.6688156,
          10.7529521
        ]
      },
      "id": "way/1524297436"
    },
    {
      "type": "Feature",
      "properties": {
        "@id": "way/1524297441",
        "addr:housenumber": "148A",
        "addr:street": "Đường Trần Hưng Đạo",
        "building": "yes",
        "craft": "handicraft",
        "name": "Đại Phát",
        "@geometry": "center"
      },
      "geometry": {
        "type": "Point",
        "coordinates": [
          106.6684776,
          10.7527819
        ]
      },
      "id": "way/1524297441"
    },
    {
      "type": "Feature",
      "properties": {
        "@id": "way/1524297459",
        "addr:housenumber": "118",
        "addr:street": "Đường Trần Hưng Đạo",
        "amenity": "cafe",
        "building": "yes",
        "name": "Qing Cha",
        "takeaway": "only",
        "@geometry": "center"
      },
      "geometry": {
        "type": "Point",
        "coordinates": [
          106.6692681,
          10.7528701
        ]
      },
      "id": "way/1524297459"
    },
    {
      "type": "Feature",
      "properties": {
        "@id": "way/1524313558",
        "addr:housenumber": "24",
        "addr:street": "Đường Trần Hưng Đạo",
        "building": "yes",
        "name": "Tròn Beauty",
        "shop": "beauty",
        "@geometry": "center"
      },
      "geometry": {
        "type": "Point",
        "coordinates": [
          106.671284,
          10.7530542
        ]
      },
      "id": "way/1524313558"
    },
    {
      "type": "Feature",
      "properties": {
        "@id": "way/1524313577",
        "addr:housenumber": "2",
        "addr:street": "Đường Trần Hưng Ðạo",
        "building": "yes",
        "name": "Đồng Khánh Hotel",
        "tourism": "hotel",
        "@geometry": "center"
      },
      "geometry": {
        "type": "Point",
        "coordinates": [
          106.6717211,
          10.7532138
        ]
      },
      "id": "way/1524313577"
    },
    {
      "type": "Feature",
      "properties": {
        "@id": "way/1524793379",
        "addr:housenumber": "82-84-86-88",
        "addr:street": "Đường Nguyễn Tri Phương",
        "amenity": "restaurant",
        "building": "yes",
        "name": "Baoz Dimsum",
        "@geometry": "center"
      },
      "geometry": {
        "type": "Point",
        "coordinates": [
          106.6696797,
          10.753149
        ]
      },
      "id": "way/1524793379"
    },
    {
      "type": "Feature",
      "properties": {
        "@id": "way/1524793380",
        "addr:housenumber": "90-92",
        "addr:street": "Đường Nguyễn Tri Phương",
        "amenity": "restaurant",
        "building": "yes",
        "name": "G-Luxe",
        "@geometry": "center"
      },
      "geometry": {
        "type": "Point",
        "coordinates": [
          106.6696792,
          10.7532508
        ]
      },
      "id": "way/1524793380"
    },
    {
      "type": "Feature",
      "properties": {
        "@id": "way/1524793381",
        "addr:housenumber": "78-80",
        "addr:street": "Đường Nguyễn Tri Phương",
        "amenity": "restaurant",
        "building": "yes",
        "cuisine": "chinese",
        "name": "Bánh bao Thọ Phát",
        "@geometry": "center"
      },
      "geometry": {
        "type": "Point",
        "coordinates": [
          106.6696811,
          10.7530434
        ]
      },
      "id": "way/1524793381"
    },
    {
      "type": "Feature",
      "properties": {
        "@id": "way/1524793383",
        "addr:housenumber": "104",
        "addr:street": "Đường Trần Hưng Ðạo",
        "amenity": "restaurant",
        "building": "yes",
        "cuisine": "chinese",
        "name": "Giò chả Đắc Tô",
        "@geometry": "center"
      },
      "geometry": {
        "type": "Point",
        "coordinates": [
          106.6697823,
          10.752912
        ]
      },
      "id": "way/1524793383"
    },
    {
      "type": "Feature",
      "properties": {
        "@id": "way/1524793385",
        "addr:housenumber": "110",
        "addr:street": "Đường Trần Hưng Ðạo",
        "building": "yes",
        "name": "Kelly Pang",
        "shop": "beauty",
        "@geometry": "center"
      },
      "geometry": {
        "type": "Point",
        "coordinates": [
          106.6696694,
          10.7529066
        ]
      },
      "id": "way/1524793385"
    },
    {
      "type": "Feature",
      "properties": {
        "@id": "way/1524793387",
        "addr:housenumber": "114",
        "addr:street": "Đường Trần Hưng Ðạo",
        "amenity": "fast_food",
        "building": "yes",
        "name": "Lotteria",
        "@geometry": "center"
      },
      "geometry": {
        "type": "Point",
        "coordinates": [
          106.6695912,
          10.7528832
        ]
      },
      "id": "way/1524793387"
    },
    {
      "type": "Feature",
      "properties": {
        "@id": "way/1524793406",
        "addr:housenumber": "82",
        "addr:street": "Đường Trần Hưng Ðạo",
        "amenity": "cafe",
        "building": "yes",
        "name": "Vương Hoài Phong",
        "@geometry": "center"
      },
      "geometry": {
        "type": "Point",
        "coordinates": [
          106.6701843,
          10.7529742
        ]
      },
      "id": "way/1524793406"
    },
    {
      "type": "Feature",
      "properties": {
        "@id": "way/1524793408",
        "addr:housenumber": "88",
        "addr:street": "Đường Trần Hưng Ðạo",
        "building": "yes",
        "name": "Lê My 68",
        "shop": "beauty",
        "@geometry": "center"
      },
      "geometry": {
        "type": "Point",
        "coordinates": [
          106.6700846,
          10.7529663
        ]
      },
      "id": "way/1524793408"
    },
    {
      "type": "Feature",
      "properties": {
        "@id": "node/1561811973",
        "name": "Khách Sạn 4 Roses",
        "tourism": "hotel"
      },
      "geometry": {
        "type": "Point",
        "coordinates": [
          106.6790131,
          10.7673047
        ]
      },
      "id": "node/1561811973"
    },
    {
      "type": "Feature",
      "properties": {
        "@id": "node/1657475508",
        "name": "Siêu Thị Mela",
        "shop": "supermarket"
      },
      "geometry": {
        "type": "Point",
        "coordinates": [
          106.6731127,
          10.7579255
        ]
      },
      "id": "node/1657475508"
    },
    {
      "type": "Feature",
      "properties": {
        "@id": "node/1773230290",
        "addr:housenumber": "Floor 5",
        "addr:street": "Lý Thường Kiệt",
        "leisure": "sports_centre",
        "name": "Phòng Tập California Wow Yoga & Fitness"
      },
      "geometry": {
        "type": "Point",
        "coordinates": [
          106.6626301,
          10.7560367
        ]
      },
      "id": "node/1773230290"
    },
    {
      "type": "Feature",
      "properties": {
        "@id": "node/1773230303",
        "addr:housenumber": "Floor 4",
        "addr:street": "Đường Hồng Bàng",
        "name": "Cửa Hàng Mua Sắm Citimart",
        "name:de": "Citimart",
        "name:vi": "Citimart Hùng Vương",
        "shop": "supermarket"
      },
      "geometry": {
        "type": "Point",
        "coordinates": [
          106.6624963,
          10.7559528
        ]
      },
      "id": "node/1773230303"
    },
    {
      "type": "Feature",
      "properties": {
        "@id": "node/1773230323",
        "amenity": "cinema",
        "name": "Rạp Phim Megastar"
      },
      "geometry": {
        "type": "Point",
        "coordinates": [
          106.6628487,
          10.7561091
        ]
      },
      "id": "node/1773230323"
    },
    {
      "type": "Feature",
      "properties": {
        "@id": "node/1997154373",
        "name": "Siêu thị Điện máy Chợ Lớn",
        "shop": "supermarket"
      },
      "geometry": {
        "type": "Point",
        "coordinates": [
          106.6645954,
          10.7542055
        ]
      },
      "id": "node/1997154373"
    },
    {
      "type": "Feature",
      "properties": {
        "@id": "node/1997154830",
        "name": "Khách Sạn Windsor Plaza Sài Gòn",
        "tourism": "hotel",
        "website": "https://www.windsorplazahotel.com/"
      },
      "geometry": {
        "type": "Point",
        "coordinates": [
          106.6732829,
          10.758007
        ]
      },
      "id": "node/1997154830"
    },
    {
      "type": "Feature",
      "properties": {
        "@id": "node/2040046952",
        "addr:city": "Quận 5",
        "addr:country": "VN",
        "addr:housenumber": "94",
        "addr:province": "Hồ Chí Minh",
        "addr:street": "Đường Huỳnh Mẫn Đạt",
        "amenity": "restaurant",
        "cuisine": "asian",
        "drive_in": "no",
        "name": "Quán Ăn Hoàng Ký 1",
        "takeaway": "yes"
      },
      "geometry": {
        "type": "Point",
        "coordinates": [
          106.676499,
          10.755919
        ]
      },
      "id": "node/2040046952"
    },
    {
      "type": "Feature",
      "properties": {
        "@id": "node/2040047441",
        "name": "Khách Sạn Nam Hy",
        "tourism": "hotel"
      },
      "geometry": {
        "type": "Point",
        "coordinates": [
          106.6760578,
          10.7557373
        ]
      },
      "id": "node/2040047441"
    },
    {
      "type": "Feature",
      "properties": {
        "@id": "node/2040064098",
        "addr:city": "Ho Chi Minh City",
        "addr:district": "Quan 5",
        "addr:housenumber": "264",
        "addr:street": "Đường Nguyễn Trãi",
        "addr:subdistrict": "Phuong 8",
        "amenity": "fast_food",
        "capacity": "200",
        "cuisine": "pizza",
        "name": "Pizza Hut Nguyễn Trãi",
        "not:brand:wikidata": "Q191615",
        "opening_hours": "10:00-22:00",
        "takeaway": "yes"
      },
      "geometry": {
        "type": "Point",
        "coordinates": [
          106.6760334,
          10.7565057
        ]
      },
      "id": "node/2040064098"
    },
    {
      "type": "Feature",
      "properties": {
        "@id": "node/2068659844",
        "amenity": "place_of_worship",
        "name": "Khánh Vân Nam Viện Đạo Quán",
        "name:zh-Hant": "茶山慶雲南院",
        "religion": "taoist"
      },
      "geometry": {
        "type": "Point",
        "coordinates": [
          106.6507522,
          10.7573682
        ]
      },
      "id": "node/2068659844"
    },
    {
      "type": "Feature",
      "properties": {
        "@id": "node/2614395016",
        "internet_access": "wlan",
        "internet_access:fee": "no",
        "name": "Khách Sạn Đức Minh",
        "name:de": "Dức Minh",
        "tourism": "hotel"
      },
      "geometry": {
        "type": "Point",
        "coordinates": [
          106.6740794,
          10.7518784
        ]
      },
      "id": "node/2614395016"
    },
    {
      "type": "Feature",
      "properties": {
        "@id": "node/2614395020",
        "amenity": "cafe",
        "brand": "Highlands Coffee",
        "brand:wikidata": "Q5759361",
        "cuisine": "coffee_shop;vietnamese",
        "indoor_seating": "yes",
        "name": "Highlands Coffee",
        "name:en": "Highlands Coffee",
        "outdoor_seating": "yes",
        "takeaway": "yes",
        "website": "https://www.highlandscoffee.com.vn/"
      },
      "geometry": {
        "type": "Point",
        "coordinates": [
          106.6839049,
          10.7558754
        ]
      },
      "id": "node/2614395020"
    },
    {
      "type": "Feature",
      "properties": {
        "@id": "node/2614395023",
        "amenity": "restaurant",
        "cuisine": "vietnamese",
        "name": "Bún Bò Huế Nhân Trí 1"
      },
      "geometry": {
        "type": "Point",
        "coordinates": [
          106.6762166,
          10.7622509
        ]
      },
      "id": "node/2614395023"
    },
    {
      "type": "Feature",
      "properties": {
        "@id": "node/2614395027",
        "amenity": "cafe",
        "name": "Cà Phê Rita Võ",
        "name:en": "RitaVo Cafe"
      },
      "geometry": {
        "type": "Point",
        "coordinates": [
          106.6833383,
          10.7603644
        ]
      },
      "id": "node/2614395027"
    },
    {
      "type": "Feature",
      "properties": {
        "@id": "node/2614395033",
        "amenity": "bar",
        "name": "Quán Bar Tokyo Club",
        "name:de": "Tokyo Club"
      },
      "geometry": {
        "type": "Point",
        "coordinates": [
          106.6743051,
          10.7518312
        ]
      },
      "id": "node/2614395033"
    },
    {
      "type": "Feature",
      "properties": {
        "@id": "node/2673013229",
        "addr:housenumber": "121",
        "addr:street": "Đường Huỳnh Mẫn Đạt",
        "amenity": "cafe",
        "cuisine": "coffee_shop",
        "name": "Cà Phê Paradise"
      },
      "geometry": {
        "type": "Point",
        "coordinates": [
          106.6762805,
          10.7557401
        ]
      },
      "id": "node/2673013229"
    },
    {
      "type": "Feature",
      "properties": {
        "@id": "node/3160548763",
        "amenity": "cinema",
        "name": "Rạp Phim Đống Đa",
        "note": "882 Trần Hưng Đạo"
      },
      "geometry": {
        "type": "Point",
        "coordinates": [
          106.6742043,
          10.7536969
        ]
      },
      "id": "node/3160548763"
    },
    {
      "type": "Feature",
      "properties": {
        "@id": "node/3399351543",
        "addr:city": "Ho Chi Minh City",
        "addr:district": "10",
        "addr:housenumber": "419",
        "addr:postcode": "084",
        "addr:street": "Đường Vĩnh Viễn",
        "addr:subdistrict": "6",
        "amenity": "fast_food",
        "name": "Xôi vò Thảo Trần",
        "phone": "084979067065"
      },
      "geometry": {
        "type": "Point",
        "coordinates": [
          106.6645622,
          10.7628267
        ]
      },
      "id": "node/3399351543"
    },
    {
      "type": "Feature",
      "properties": {
        "@id": "node/3641697177",
        "addr:housenumber": "74",
        "addr:street": "Nguyễn Văn Cừ",
        "amenity": "restaurant",
        "cuisine": "Broken_rice_pork_chop",
        "name": "Cơm Tấm Nguyễn Văn Cừ"
      },
      "geometry": {
        "type": "Point",
        "coordinates": [
          106.6845222,
          10.7577795
        ]
      },
      "id": "node/3641697177"
    },
    {
      "type": "Feature",
      "properties": {
        "@id": "node/4089385463",
        "addr:city": "Ho Chi Minh City",
        "addr:district": "Quận 1",
        "addr:housenumber": "235",
        "addr:street": "Nguyễn Văn Cừ",
        "amenity": "restaurant",
        "branch": "Nowzone",
        "brand": "Pizza Hut",
        "cuisine": "pizza",
        "ele": "4",
        "name": "Pizza Hut",
        "not:brand:wikidata": "Q191615",
        "takeaway": "yes"
      },
      "geometry": {
        "type": "Point",
        "coordinates": [
          106.6824701,
          10.7641929
        ]
      },
      "id": "node/4089385463"
    },
    {
      "type": "Feature",
      "properties": {
        "@id": "node/4089404601",
        "addr:city": "Ho Chi Minh City",
        "addr:district": "Quận 10",
        "addr:housenumber": "397",
        "addr:street": "Đường Nguyễn Tri Phương",
        "addr:subdistrict": "Phường 5",
        "amenity": "restaurant",
        "branch": "Nguyễn Tri Phương",
        "brand": "Pizza Hut",
        "brand:wikidata": "Q191615",
        "cuisine": "pizza",
        "delivery": "yes",
        "name": "Pizza Hut",
        "opening_hours": "10:00-22:00",
        "takeaway": "yes"
      },
      "geometry": {
        "type": "Point",
        "coordinates": [
          106.6679121,
          10.7633997
        ]
      },
      "id": "node/4089404601"
    },
    {
      "type": "Feature",
      "properties": {
        "@id": "node/4089416239",
        "addr:city": "Ho Chi Minh City",
        "addr:district": "Quận 10",
        "addr:housenumber": "317",
        "addr:street": "Đường Ngô Gia Tự",
        "addr:subdistrict": "Phường 3",
        "amenity": "restaurant",
        "branch": "Ngô Gia Tự",
        "brand": "Pizza Hut",
        "brand:wikidata": "Q191615",
        "cuisine": "pizza",
        "delivery": "no",
        "name": "Pizza Hut",
        "opening_hours": "10:00-22:00",
        "takeaway": "yes"
      },
      "geometry": {
        "type": "Point",
        "coordinates": [
          106.6706034,
          10.7619691
        ]
      },
      "id": "node/4089416239"
    },
    {
      "type": "Feature",
      "properties": {
        "@id": "node/4131348091",
        "addr:housenumber": "14",
        "addr:street": "Nghĩa Thục",
        "amenity": "place_of_worship",
        "name": "Chùa Vạn Phật",
        "name:de": "Van Phat Pagoda",
        "name:ru": "Пагода 1000 буд",
        "religion": "buddhist"
      },
      "geometry": {
        "type": "Point",
        "coordinates": [
          106.675382,
          10.7529925
        ]
      },
      "id": "node/4131348091"
    },
    {
      "type": "Feature",
      "properties": {
        "@id": "node/4131658297",
        "addr:street": "Đường Nguyễn Chí Thanh",
        "amenity": "place_of_worship",
        "name": "Chùa Giác Ngộ",
        "religion": "buddhist"
      },
      "geometry": {
        "type": "Point",
        "coordinates": [
          106.6727566,
          10.7609548
        ]
      },
      "id": "node/4131658297"
    },
    {
      "type": "Feature",
      "properties": {
        "@id": "node/4134594889",
        "addr:housenumber": "771",
        "addr:street": "Đường Trần Hưng Ðạo",
        "amenity": "cafe",
        "cuisine": "coffee_shop",
        "internet_access": "wlan",
        "name": "Cà Phê Three O’clock",
        "opening_hours": "Mo-Su 08:00-22:00",
        "phone": "08 38363900",
        "website": "http://www.langfarmdalat.com"
      },
      "geometry": {
        "type": "Point",
        "coordinates": [
          106.6818593,
          10.7553326
        ]
      },
      "id": "node/4134594889"
    },
    {
      "type": "Feature",
      "properties": {
        "@id": "node/4138575689",
        "addr:street": "Hồ Thị Kỷ",
        "amenity": "marketplace",
        "name": "Chợ Campuchia"
      },
      "geometry": {
        "type": "Point",
        "coordinates": [
          106.6776016,
          10.7633674
        ]
      },
      "id": "node/4138575689"
    },
    {
      "type": "Feature",
      "properties": {
        "@id": "node/4157804698",
        "name": "마사지",
        "shop": "beauty"
      },
      "geometry": {
        "type": "Point",
        "coordinates": [
          106.6749999,
          10.7537702
        ]
      },
      "id": "node/4157804698"
    },
    {
      "type": "Feature",
      "properties": {
        "@id": "node/4208881489",
        "addr:housenumber": "59C",
        "addr:street": "Đường Thuận Kiều",
        "amenity": "restaurant",
        "name": "Tiệm Mì Huê Ký"
      },
      "geometry": {
        "type": "Point",
        "coordinates": [
          106.6583557,
          10.7572242
        ]
      },
      "id": "node/4208881489"
    },
    {
      "type": "Feature",
      "properties": {
        "@id": "node/4220779696",
        "historic": "monument",
        "name": "Tượng đài Công Nông Binh"
      },
      "geometry": {
        "type": "Point",
        "coordinates": [
          106.6743947,
          10.7676873
        ]
      },
      "id": "node/4220779696"
    },
    {
      "type": "Feature",
      "properties": {
        "@id": "node/4265913889",
        "addr:housenumber": "409",
        "addr:street": "Phạm Thế Hiển",
        "amenity": "cafe",
        "name": "Cà Phê - Trà Joe Coffee"
      },
      "geometry": {
        "type": "Point",
        "coordinates": [
          106.6809361,
          10.7478046
        ]
      },
      "id": "node/4265913889"
    },
    {
      "type": "Feature",
      "properties": {
        "@id": "node/4318159992",
        "name": "Nhà Sách Nguyễn Văn Cừ",
        "shop": "books"
      },
      "geometry": {
        "type": "Point",
        "coordinates": [
          106.6811723,
          10.7603888
        ]
      },
      "id": "node/4318159992"
    },
    {
      "type": "Feature",
      "properties": {
        "@id": "node/4320846293",
        "addr:district": "5",
        "addr:housenumber": "413 -415",
        "addr:street": "Đường Nguyễn Trãi",
        "amenity": "restaurant",
        "cuisine": "beef_bowl;noodles",
        "name": "Phở Lệ"
      },
      "geometry": {
        "type": "Point",
        "coordinates": [
          106.6736944,
          10.7553081
        ]
      },
      "id": "node/4320846293"
    },
    {
      "type": "Feature",
      "properties": {
        "@id": "node/4332395699",
        "addr:housenumber": "354-356",
        "addr:street": "Đường Trần Hưng Ðạo",
        "amenity": "fast_food",
        "branch": "Trần Hưng Đạo",
        "brand": "Jollibee",
        "cuisine": "burger",
        "delivery": "yes",
        "internet_access": "wlan",
        "name": "Jolliebee Trần Hưng Đạo",
        "not:brand:wikidata": "Q37614",
        "operator": "Jolliebee",
        "takeaway": "yes",
        "website": "https://www.jollibee.com.vn/"
      },
      "geometry": {
        "type": "Point",
        "coordinates": [
          106.6849749,
          10.7564895
        ]
      },
      "id": "node/4332395699"
    },
    {
      "type": "Feature",
      "properties": {
        "@id": "node/4332552887",
        "addr:city": "Ho Chi Minh City",
        "addr:district": "5",
        "addr:housenumber": "105",
        "addr:street": "Đường Trần Hưng Ðạo",
        "amenity": "community_centre",
        "name": "Trung Tâm Văn Hóa Quận 5"
      },
      "geometry": {
        "type": "Point",
        "coordinates": [
          106.6683676,
          10.7521215
        ]
      },
      "id": "node/4332552887"
    },
    {
      "type": "Feature",
      "properties": {
        "@id": "node/4348266391",
        "amenity": "food_court",
        "cuisine": "vietnamese",
        "name": "Cơm Tấm Huỳnh Mẫn Đạt"
      },
      "geometry": {
        "type": "Point",
        "coordinates": [
          106.6755344,
          10.7585001
        ]
      },
      "id": "node/4348266391"
    },
    {
      "type": "Feature",
      "properties": {
        "@id": "node/4349872493",
        "amenity": "food_court",
        "name": "Lẩu tự chọn Nguyệt Thuỷ"
      },
      "geometry": {
        "type": "Point",
        "coordinates": [
          106.6692924,
          10.7602317
        ]
      },
      "id": "node/4349872493"
    },
    {
      "type": "Feature",
      "properties": {
        "@id": "node/4394277992",
        "addr:housenumber": "383",
        "addr:street": "Sư Van Hạnh",
        "name": "Khách Sạn Phương Anh",
        "name:vi": "Phoung anh",
        "opening_hours": "Mo-Su 10:00-03:00",
        "tourism": "hotel"
      },
      "geometry": {
        "type": "Point",
        "coordinates": [
          106.6711983,
          10.767744
        ]
      },
      "id": "node/4394277992"
    },
    {
      "type": "Feature",
      "properties": {
        "@id": "node/4399059692",
        "name": "Khách Sạn Huy Lộc 1",
        "tourism": "hotel"
      },
      "geometry": {
        "type": "Point",
        "coordinates": [
          106.6746366,
          10.7658141
        ]
      },
      "id": "node/4399059692"
    },
    {
      "type": "Feature",
      "properties": {
        "@id": "node/4531687589",
        "name": "Chợ Đại Quang Minh",
        "shop": "department_store"
      },
      "geometry": {
        "type": "Point",
        "coordinates": [
          106.6587066,
          10.7516957
        ]
      },
      "id": "node/4531687589"
    },
    {
      "type": "Feature",
      "properties": {
        "@id": "node/4571339489",
        "amenity": "restaurant",
        "cuisine": "regional",
        "name": "Bún Mắm Vy"
      },
      "geometry": {
        "type": "Point",
        "coordinates": [
          106.6741732,
          10.7591873
        ]
      },
      "id": "node/4571339489"
    },
    {
      "type": "Feature",
      "properties": {
        "@id": "node/4585165895",
        "amenity": "cafe",
        "cuisine": "coffee_shop",
        "internet_access": "wlan",
        "name:en": "The Road Trip"
      },
      "geometry": {
        "type": "Point",
        "coordinates": [
          106.6600829,
          10.7547
        ]
      },
      "id": "node/4585165895"
    },
    {
      "type": "Feature",
      "properties": {
        "@id": "node/4596325795",
        "addr:housenumber": "196",
        "addr:street": "Đường Nguyễn Tri Phương",
        "amenity": "restaurant",
        "cuisine": "vietnamese",
        "name": "Quán Bún Đậu Nhà Tôi",
        "opening_hours": "Mo-Su 09:00-22:00"
      },
      "geometry": {
        "type": "Point",
        "coordinates": [
          106.6689315,
          10.7603231
        ]
      },
      "id": "node/4596325795"
    },
    {
      "type": "Feature",
      "properties": {
        "@id": "node/4600025690",
        "amenity": "restaurant",
        "name": "Nhà hàng Cố Đô"
      },
      "geometry": {
        "type": "Point",
        "coordinates": [
          106.6784957,
          10.7589694
        ]
      },
      "id": "node/4600025690"
    },
    {
      "type": "Feature",
      "properties": {
        "@id": "node/4618297763",
        "amenity": "marketplace",
        "name": "Chợ Nhật Tảo"
      },
      "geometry": {
        "type": "Point",
        "coordinates": [
          106.6653042,
          10.7641455
        ]
      },
      "id": "node/4618297763"
    },
    {
      "type": "Feature",
      "properties": {
        "@id": "node/4650868996",
        "addr:housenumber": "008",
        "addr:street": "Đường Phan Văn Trị",
        "amenity": "restaurant",
        "cuisine": "asian",
        "email": "chaotamhoi@gmail.com",
        "name": "Cháo Tám Hói",
        "name:en": "chao tam hoi",
        "opening_hours": "Mo-Su 11:00-21:00",
        "phone": "0909656538"
      },
      "geometry": {
        "type": "Point",
        "coordinates": [
          106.6780371,
          10.755777
        ]
      },
      "id": "node/4650868996"
    },
    {
      "type": "Feature",
      "properties": {
        "@id": "node/4661759792",
        "addr:street": "Đường Trần Bình Trọng",
        "name:en": "Auchan",
        "name:ru": "Ашан",
        "shop": "supermarket"
      },
      "geometry": {
        "type": "Point",
        "coordinates": [
          106.6796484,
          10.7615152
        ]
      },
      "id": "node/4661759792"
    },
    {
      "type": "Feature",
      "properties": {
        "@id": "node/4675302892",
        "addr:housenumber": "Số nhà 833",
        "addr:street": "3 tháng 2",
        "internet_access": "wlan",
        "name": "Phòng Cho Thuê Phương Thanh",
        "name:en": "Phuong Thanh Motel",
        "opening_hours": "24/7",
        "tourism": "motel"
      },
      "geometry": {
        "type": "Point",
        "coordinates": [
          106.6597629,
          10.7636462
        ]
      },
      "id": "node/4675302892"
    },
    {
      "type": "Feature",
      "properties": {
        "@id": "node/4675324989",
        "addr:housenumber": "Số Nhà 895",
        "addr:street": "3 Tháng 2",
        "internet_access": "wlan",
        "name": "Khách sạn Phương Vy",
        "name:en": "Phuong Vy Hotel",
        "opening_hours": "24/7",
        "tourism": "hotel"
      },
      "geometry": {
        "type": "Point",
        "coordinates": [
          106.6584279,
          10.7629047
        ]
      },
      "id": "node/4675324989"
    },
    {
      "type": "Feature",
      "properties": {
        "@id": "node/4675324990",
        "addr:housenumber": "Số nhà 122",
        "addr:street": "Đường Trần Quý",
        "internet_access": "wlan",
        "name": "Khách Sạn Kim Hương",
        "name:en": "tphcm",
        "opening_hours": "24/7",
        "tourism": "hotel"
      },
      "geometry": {
        "type": "Point",
        "coordinates": [
          106.6562423,
          10.7592294
        ]
      },
      "id": "node/4675324990"
    },
    {
      "type": "Feature",
      "properties": {
        "@id": "node/4675325089",
        "addr:housenumber": "Số Nhà 847",
        "addr:street": "3 Tháng 2",
        "internet_access": "wlan",
        "name": "Khách sạn Phương Loan",
        "name:en": "Phuong Loan Hotel",
        "opening_hours": "24/7",
        "tourism": "hotel"
      },
      "geometry": {
        "type": "Point",
        "coordinates": [
          106.6591468,
          10.763312
        ]
      },
      "id": "node/4675325089"
    },
    {
      "type": "Feature",
      "properties": {
        "@id": "node/4676482492",
        "addr:housenumber": "512",
        "addr:postcode": "70000",
        "addr:street": "Đường Nguyễn Thị Minh Khai",
        "amenity": "restaurant",
        "cuisine": "vietnamese",
        "email": "utcamau512@gmail.com",
        "internet_access": "wlan",
        "name": "Nhà Hàng Út Cà Mau",
        "name:en": "UT CA MAU RESTAURANT",
        "opening_hours": "Mo-Su 10:00-23:00",
        "operator": "Huỳnh Hoàng Thâm & Cao Xuân Khánh",
        "phone": "0909795512",
        "website": "https://www.utcamau.com/"
      },
      "geometry": {
        "type": "Point",
        "coordinates": [
          106.6808856,
          10.7618187
        ]
      },
      "id": "node/4676482492"
    },
    {
      "type": "Feature",
      "properties": {
        "@id": "node/4735819123",
        "tourism": "guest_house"
      },
      "geometry": {
        "type": "Point",
        "coordinates": [
          106.6528123,
          10.7634323
        ]
      },
      "id": "node/4735819123"
    },
    {
      "type": "Feature",
      "properties": {
        "@id": "node/4738136823",
        "addr:housenumber": "111",
        "addr:street": "Đường Trần Hưng Ðạo",
        "building": "yes",
        "internet_access": "wlan",
        "internet_access:fee": "no",
        "name": "Khách Sạn Hoàng Nam",
        "name:vi": "Hoang Nam Hôtel",
        "tourism": "hotel"
      },
      "geometry": {
        "type": "Point",
        "coordinates": [
          106.6670749,
          10.7523812
        ]
      },
      "id": "node/4738136823"
    },
    {
      "type": "Feature",
      "properties": {
        "@id": "node/4767366626",
        "internet_access": "wlan",
        "name": "Khách Sạn Phong Phú",
        "name:vi": "Phong Phú",
        "tourism": "hotel"
      },
      "geometry": {
        "type": "Point",
        "coordinates": [
          106.6618047,
          10.7639963
        ]
      },
      "id": "node/4767366626"
    },
    {
      "type": "Feature",
      "properties": {
        "@id": "node/4768905043",
        "internet_access": "wlan",
        "name:en": "Ky Na",
        "tourism": "hotel"
      },
      "geometry": {
        "type": "Point",
        "coordinates": [
          106.6535177,
          10.7578896
        ]
      },
      "id": "node/4768905043"
    },
    {
      "type": "Feature",
      "properties": {
        "@id": "node/4771427931",
        "amenity": "cinema",
        "name:en": "Lotte Cinema"
      },
      "geometry": {
        "type": "Point",
        "coordinates": [
          106.6823682,
          10.7643849
        ]
      },
      "id": "node/4771427931"
    },
    {
      "type": "Feature",
      "properties": {
        "@id": "node/4773980821",
        "addr:housenumber": "308",
        "addr:street": "Dã Tượng",
        "name": "Tạp Hóa 305",
        "shop": "department_store"
      },
      "geometry": {
        "type": "Point",
        "coordinates": [
          106.6646634,
          10.7443857
        ]
      },
      "id": "node/4773980821"
    },
    {
      "type": "Feature",
      "properties": {
        "@id": "node/4841595528",
        "name:en": "artfolio",
        "shop": "art"
      },
      "geometry": {
        "type": "Point",
        "coordinates": [
          106.6812976,
          10.7648898
        ]
      },
      "id": "node/4841595528"
    },
    {
      "type": "Feature",
      "properties": {
        "@id": "node/4889894025",
        "amenity": "place_of_worship",
        "name": "Chùa Đại Bi",
        "name:vi": "Đại Bi Tự"
      },
      "geometry": {
        "type": "Point",
        "coordinates": [
          106.6493231,
          10.7521431
        ]
      },
      "id": "node/4889894025"
    },
    {
      "type": "Feature",
      "properties": {
        "@id": "node/4900420021",
        "addr:housenumber": "15",
        "addr:postcode": "008408",
        "addr:street": "Lý Thái Tổ",
        "name": "Cừa hàng Saigon Hobby",
        "opening_hours": "Mo-Su 09:00-20:00",
        "phone": "+84 8 38353962",
        "shop": "department_store"
      },
      "geometry": {
        "type": "Point",
        "coordinates": [
          106.6778627,
          10.7665202
        ]
      },
      "id": "node/4900420021"
    },
    {
      "type": "Feature",
      "properties": {
        "@id": "node/4921714526",
        "name:zh": "第五区大帝宾馆",
        "tourism": "hotel"
      },
      "geometry": {
        "type": "Point",
        "coordinates": [
          106.6744035,
          10.7536842
        ]
      },
      "id": "node/4921714526"
    },
    {
      "type": "Feature",
      "properties": {
        "@id": "node/5001799155",
        "amenity": "marketplace",
        "name": "Chợ Chim Xanh"
      },
      "geometry": {
        "type": "Point",
        "coordinates": [
          106.6484854,
          10.7659514
        ]
      },
      "id": "node/5001799155"
    },
    {
      "type": "Feature",
      "properties": {
        "@id": "node/5001800277",
        "addr:city": "Ho Chi Minh City",
        "addr:district": "11",
        "addr:housenumber": "57",
        "addr:street": "Đội Cung",
        "addr:subdistrict": "11",
        "amenity": "place_of_worship",
        "name": "Chùa Phước Hòa",
        "religion": "buddhist"
      },
      "geometry": {
        "type": "Point",
        "coordinates": [
          106.6493879,
          10.7660517
        ]
      },
      "id": "node/5001800277"
    },
    {
      "type": "Feature",
      "properties": {
        "@id": "node/5014219823",
        "addr:housenumber": "29",
        "addr:street": "Đường Trần Hưng Ðạo",
        "amenity": "restaurant",
        "cuisine": "chinese",
        "name:en": "Dim Tu Tac"
      },
      "geometry": {
        "type": "Point",
        "coordinates": [
          106.6703103,
          10.7525533
        ]
      },
      "id": "node/5014219823"
    },
    {
      "type": "Feature",
      "properties": {
        "@id": "node/5107196723",
        "amenity": "restaurant",
        "name": "Cơm Tấm 419",
        "name:vi": "Cơm Tấm 419",
        "name:zh": "419碎米飯"
      },
      "geometry": {
        "type": "Point",
        "coordinates": [
          106.6789833,
          10.759614
        ]
      },
      "id": "node/5107196723"
    },
    {
      "type": "Feature",
      "properties": {
        "@id": "node/5121406322",
        "amenity": "restaurant",
        "name": "Cơm Tấm 419"
      },
      "geometry": {
        "type": "Point",
        "coordinates": [
          106.6769392,
          10.7582104
        ]
      },
      "id": "node/5121406322"
    },
    {
      "type": "Feature",
      "properties": {
        "@id": "node/5156397623",
        "amenity": "cafe",
        "name": "Cà Phê Cá Mát Xa"
      },
      "geometry": {
        "type": "Point",
        "coordinates": [
          106.6835587,
          10.7432365
        ]
      },
      "id": "node/5156397623"
    },
    {
      "type": "Feature",
      "properties": {
        "@id": "node/5170645222",
        "tourism": "museum"
      },
      "geometry": {
        "type": "Point",
        "coordinates": [
          106.6824395,
          10.7576136
        ]
      },
      "id": "node/5170645222"
    },
    {
      "type": "Feature",
      "properties": {
        "@id": "node/5179064421",
        "addr:city": "Ho Chi Minh City",
        "addr:district": "10",
        "addr:subdistrict": "14",
        "leisure": "park",
        "name": "Công viên Hoa hồng",
        "opening_hours": "Mo-Fr 09:00-17:00",
        "operator": "UBND Phường 14, Quận 10"
      },
      "geometry": {
        "type": "Point",
        "coordinates": [
          106.6597925,
          10.766783
        ]
      },
      "id": "node/5179064421"
    },
    {
      "type": "Feature",
      "properties": {
        "@id": "node/5198094442",
        "amenity": "restaurant",
        "name:zh": "大统～越南胡志明市"
      },
      "geometry": {
        "type": "Point",
        "coordinates": [
          106.6562365,
          10.7637321
        ]
      },
      "id": "node/5198094442"
    },
    {
      "type": "Feature",
      "properties": {
        "@id": "node/5198480721",
        "addr:housenumber": "20",
        "addr:street": "Đường Lương Nhữ Học",
        "amenity": "cafe",
        "email": "gao.210288@gmailm.com",
        "internet_access": "wlan",
        "name": "Cà Phê Gao Trần",
        "name:en": "Gao's Tran",
        "opening_hours": "Mo-Su 19:00-00:00",
        "phone": "0931856898"
      },
      "geometry": {
        "type": "Point",
        "coordinates": [
          106.6606372,
          10.749857
        ]
      },
      "id": "node/5198480721"
    },
    {
      "type": "Feature",
      "properties": {
        "@id": "node/5201534721",
        "addr:housenumber": "132",
        "addr:street": "Đường Lê Hồng Phong",
        "amenity": "restaurant",
        "cuisine": "vietnamese;grill",
        "name": "Quán Lẩu Bàu Sen"
      },
      "geometry": {
        "type": "Point",
        "coordinates": [
          106.678182,
          10.7576984
        ]
      },
      "id": "node/5201534721"
    },
    {
      "type": "Feature",
      "properties": {
        "@id": "node/5251417821",
        "amenity": "restaurant"
      },
      "geometry": {
        "type": "Point",
        "coordinates": [
          106.6774968,
          10.7638667
        ]
      },
      "id": "node/5251417821"
    },
    {
      "type": "Feature",
      "properties": {
        "@id": "node/5280164925",
        "amenity": "restaurant",
        "name": "法國麵包",
        "name:vi": "法國麵包"
      },
      "geometry": {
        "type": "Point",
        "coordinates": [
          106.6761001,
          10.7566907
        ]
      },
      "id": "node/5280164925"
    },
    {
      "type": "Feature",
      "properties": {
        "@id": "node/5280165129",
        "addr:housenumber": "455",
        "addr:street": "Đường Nguyễn Trãi",
        "amenity": "restaurant",
        "name": "Thiêm Huy Mì Gia",
        "name:vi": "Thiêm Huy Mì Gia - Stew Duck Noodle, 455 Nguyễn Trãi, 7, Quận 5, Hồ Chí Minh"
      },
      "geometry": {
        "type": "Point",
        "coordinates": [
          106.6727659,
          10.7551247
        ]
      },
      "id": "node/5280165129"
    },
    {
      "type": "Feature",
      "properties": {
        "@id": "node/5290902021",
        "amenity": "restaurant",
        "cuisine": "vietnamese;tea;local;breakfast;chinese",
        "name:zh": "新樂園大酒家"
      },
      "geometry": {
        "type": "Point",
        "coordinates": [
          106.6530017,
          10.7599564
        ]
      },
      "id": "node/5290902021"
    },
    {
      "type": "Feature",
      "properties": {
        "@id": "node/5291567321",
        "amenity": "restaurant",
        "cuisine": "chinese",
        "name:zh": "海皇魚翅之家",
        "opening_hours": "Mo-Su 07:00-22:00"
      },
      "geometry": {
        "type": "Point",
        "coordinates": [
          106.6670309,
          10.7523767
        ]
      },
      "id": "node/5291567321"
    },
    {
      "type": "Feature",
      "properties": {
        "@id": "node/5295102721",
        "amenity": "fast_food",
        "name": "Really Amazing Duck",
        "name:de": "Leckere Ente"
      },
      "geometry": {
        "type": "Point",
        "coordinates": [
          106.664532,
          10.7628938
        ]
      },
      "id": "node/5295102721"
    },
    {
      "type": "Feature",
      "properties": {
        "@id": "node/5304017822",
        "addr:housenumber": "910",
        "addr:street": "Đường Trần Hưng Ðạo",
        "amenity": "restaurant",
        "name": "Quán Bún Đậu Nhà Tôi",
        "opening_hours": "Mo-Su 08:00-22:00",
        "phone": "0909708568"
      },
      "geometry": {
        "type": "Point",
        "coordinates": [
          106.673872,
          10.7534575
        ]
      },
      "id": "node/5304017822"
    },
    {
      "type": "Feature",
      "properties": {
        "@id": "node/5316112721",
        "amenity": "restaurant",
        "cuisine": "vietnamese",
        "name:en": "Com Cay Truc"
      },
      "geometry": {
        "type": "Point",
        "coordinates": [
          106.6709219,
          10.7585206
        ]
      },
      "id": "node/5316112721"
    },
    {
      "type": "Feature",
      "properties": {
        "@id": "node/5352765321",
        "amenity": "cafe",
        "name": "Cà Phê Bon"
      },
      "geometry": {
        "type": "Point",
        "coordinates": [
          106.6706383,
          10.7626193
        ]
      },
      "id": "node/5352765321"
    },
    {
      "type": "Feature",
      "properties": {
        "@id": "node/5352765322",
        "amenity": "cafe"
      },
      "geometry": {
        "type": "Point",
        "coordinates": [
          106.67061,
          10.7626958
        ]
      },
      "id": "node/5352765322"
    },
    {
      "type": "Feature",
      "properties": {
        "@id": "node/5352765340",
        "amenity": "cafe"
      },
      "geometry": {
        "type": "Point",
        "coordinates": [
          106.6697358,
          10.7660692
        ]
      },
      "id": "node/5352765340"
    },
    {
      "type": "Feature",
      "properties": {
        "@id": "node/5352765354",
        "amenity": "restaurant",
        "cuisine": "korean",
        "name": "Nhà Hàng KingBBQ"
      },
      "geometry": {
        "type": "Point",
        "coordinates": [
          106.6674187,
          10.7658219
        ]
      },
      "id": "node/5352765354"
    },
    {
      "type": "Feature",
      "properties": {
        "@id": "node/5352765355",
        "amenity": "restaurant",
        "cuisine": "vietnamese"
      },
      "geometry": {
        "type": "Point",
        "coordinates": [
          106.6676506,
          10.7658531
        ]
      },
      "id": "node/5352765355"
    },
    {
      "type": "Feature",
      "properties": {
        "@id": "node/5352765356",
        "amenity": "food_court",
        "name": "Phở Hoàng"
      },
      "geometry": {
        "type": "Point",
        "coordinates": [
          106.6676028,
          10.7659905
        ]
      },
      "id": "node/5352765356"
    },
    {
      "type": "Feature",
      "properties": {
        "@id": "node/5352765361",
        "amenity": "fast_food",
        "brand": "Burger King",
        "brand:wikidata": "Q177054",
        "brand:wikipedia": "en:Burger King",
        "cuisine": "burger",
        "name": "Burger King",
        "takeaway": "yes"
      },
      "geometry": {
        "type": "Point",
        "coordinates": [
          106.667094,
          10.7672988
        ]
      },
      "id": "node/5352765361"
    },
    {
      "type": "Feature",
      "properties": {
        "@id": "node/5423964224",
        "addr:street": "Đường Hồng Bàng",
        "name:en": "The Garden Mall",
        "shop": "mall"
      },
      "geometry": {
        "type": "Point",
        "coordinates": [
          106.6553654,
          10.7542634
        ]
      },
      "id": "node/5423964224"
    },
    {
      "type": "Feature",
      "properties": {
        "@id": "node/5426869831",
        "amenity": "fast_food",
        "brand": "Domino's",
        "brand:wikidata": "Q839466",
        "cuisine": "pizza",
        "internet_access": "wlan",
        "name": "Domino's",
        "name:en": "Domino's Pizza",
        "opening_hours": "Mo-Su 10:00-22:00",
        "phone": "0838530222",
        "takeaway": "yes",
        "website": "https://www.dominos.vn/"
      },
      "geometry": {
        "type": "Point",
        "coordinates": [
          106.6683576,
          10.7617812
        ]
      },
      "id": "node/5426869831"
    },
    {
      "type": "Feature",
      "properties": {
        "@id": "node/5430672521",
        "amenity": "cafe",
        "cuisine": "tea;cake;coffee_shop",
        "name:en": "The.1985",
        "opening_hours": "Mo-Su 09:00-22:30",
        "phone": "0902350180",
        "website": "http://www.the1985cafe.com"
      },
      "geometry": {
        "type": "Point",
        "coordinates": [
          106.684144,
          10.7671561
        ]
      },
      "id": "node/5430672521"
    },
    {
      "type": "Feature",
      "properties": {
        "@id": "node/5432647622",
        "addr:housenumber": "65",
        "addr:street": "Đường Nguyễn Kim",
        "amenity": "cafe",
        "cuisine": "tea",
        "email": "hcmjoytea@gmail.com",
        "internet_access": "wlan",
        "name:en": "Joy Tea",
        "opening_hours": "Mo-Su 10:00-22:00",
        "phone": "0902665819",
        "website": "https://www.facebook.com/joyteahcm"
      },
      "geometry": {
        "type": "Point",
        "coordinates": [
          106.6626409,
          10.7589753
        ]
      },
      "id": "node/5432647622"
    },
    {
      "type": "Feature",
      "properties": {
        "@id": "node/5433188022",
        "addr:street": "Pham The Hien",
        "amenity": "marketplace",
        "name": "Chợ Phạm Thế Hiển",
        "name:en": "Local General Market",
        "opening_hours": "Mo-Su 05:00-21:00"
      },
      "geometry": {
        "type": "Point",
        "coordinates": [
          106.6711112,
          10.7432291
        ]
      },
      "id": "node/5433188022"
    },
    {
      "type": "Feature",
      "properties": {
        "@id": "node/5433188023",
        "name": "Cầu Đi Bộ Số 7",
        "name:en": "Foot Bridge",
        "opening_hours": "24/7",
        "tourism": "attraction"
      },
      "geometry": {
        "type": "Point",
        "coordinates": [
          106.6543332,
          10.7458291
        ]
      },
      "id": "node/5433188023"
    },
    {
      "type": "Feature",
      "properties": {
        "@id": "node/5496625022",
        "amenity": "fast_food",
        "name": "Lotteria",
        "not:brand:wikidata": "Q249525"
      },
      "geometry": {
        "type": "Point",
        "coordinates": [
          106.661446,
          10.7596558
        ]
      },
      "id": "node/5496625022"
    },
    {
      "type": "Feature",
      "properties": {
        "@id": "node/5496630021",
        "amenity": "fast_food",
        "name": "Jollibee",
        "not:brand:wikidata": "Q37614"
      },
      "geometry": {
        "type": "Point",
        "coordinates": [
          106.6614645,
          10.7596013
        ]
      },
      "id": "node/5496630021"
    },
    {
      "type": "Feature",
      "properties": {
        "@id": "node/5501648823",
        "name": "Chợ vải Soái Kình Lâm",
        "name:en": "Textile Market of Soái Kình Lâm",
        "shop": "department_store"
      },
      "geometry": {
        "type": "Point",
        "coordinates": [
          106.6566738,
          10.7518368
        ]
      },
      "id": "node/5501648823"
    },
    {
      "type": "Feature",
      "properties": {
        "@id": "node/5508614122",
        "amenity": "restaurant",
        "name": "Cửa Hàng Đồ Chay Phước Duyên",
        "name:en": "vegetarian food hot pot"
      },
      "geometry": {
        "type": "Point",
        "coordinates": [
          106.6839695,
          10.7549721
        ]
      },
      "id": "node/5508614122"
    },
    {
      "type": "Feature",
      "properties": {
        "@id": "node/5529906123",
        "internet_access": "wlan",
        "tourism": "guest_house"
      },
      "geometry": {
        "type": "Point",
        "coordinates": [
          106.6817852,
          10.767008
        ]
      },
      "id": "node/5529906123"
    },
    {
      "type": "Feature",
      "properties": {
        "@id": "node/5555661622",
        "amenity": "cafe",
        "internet_access": "wlan",
        "name": "Cà Phê Story"
      },
      "geometry": {
        "type": "Point",
        "coordinates": [
          106.6492783,
          10.7511619
        ]
      },
      "id": "node/5555661622"
    },
    {
      "type": "Feature",
      "properties": {
        "@id": "node/5566149721",
        "internet_access": "wlan",
        "name": "Khách Sạn DaBlend",
        "tourism": "hostel"
      },
      "geometry": {
        "type": "Point",
        "coordinates": [
          106.6667533,
          10.7612274
        ]
      },
      "id": "node/5566149721"
    },
    {
      "type": "Feature",
      "properties": {
        "@id": "node/5593839721",
        "addr:housenumber": "137 A/6",
        "addr:street": "Âu Dương Lân",
        "name:en": "mrs Hangs Homestay",
        "tourism": "hotel"
      },
      "geometry": {
        "type": "Point",
        "coordinates": [
          106.6836791,
          10.7455281
        ]
      },
      "id": "node/5593839721"
    },
    {
      "type": "Feature",
      "properties": {
        "@id": "node/5598913820",
        "addr:city": "Phường 3",
        "addr:district": "Quận 5",
        "addr:province": "Thành phố Hồ Chí Minh",
        "addr:street": "Hẻm 138 An Dương Vương",
        "addr:subdistrict": "Phường 3",
        "amenity": "marketplace",
        "name": "Chợ Bàu Sen"
      },
      "geometry": {
        "type": "Point",
        "coordinates": [
          106.6784826,
          10.7581159
        ]
      },
      "id": "node/5598913820"
    },
    {
      "type": "Feature",
      "properties": {
        "@id": "node/5598915237",
        "amenity": "marketplace"
      },
      "geometry": {
        "type": "Point",
        "coordinates": [
          106.6731423,
          10.7625665
        ]
      },
      "id": "node/5598915237"
    },
    {
      "type": "Feature",
      "properties": {
        "@id": "node/5598915261",
        "amenity": "food_court",
        "name": "Cơm Tấm 68"
      },
      "geometry": {
        "type": "Point",
        "coordinates": [
          106.6746497,
          10.7633003
        ]
      },
      "id": "node/5598915261"
    },
    {
      "type": "Feature",
      "properties": {
        "@id": "node/5598915274",
        "amenity": "cafe",
        "name": "Cà Phê Passio",
        "opening_hours": "Mo-Su,PH 08:00-22:00"
      },
      "geometry": {
        "type": "Point",
        "coordinates": [
          106.6750252,
          10.7655414
        ]
      },
      "id": "node/5598915274"
    },
    {
      "type": "Feature",
      "properties": {
        "@id": "node/5598915523",
        "amenity": "marketplace"
      },
      "geometry": {
        "type": "Point",
        "coordinates": [
          106.6761598,
          10.7665321
        ]
      },
      "id": "node/5598915523"
    },
    {
      "type": "Feature",
      "properties": {
        "@id": "node/5598915543",
        "shop": "florist"
      },
      "geometry": {
        "type": "Point",
        "coordinates": [
          106.6763046,
          10.7667245
        ]
      },
      "id": "node/5598915543"
    },
    {
      "type": "Feature",
      "properties": {
        "@id": "node/5598915567",
        "amenity": "fast_food",
        "brand": "Lotteria",
        "brand:wikidata": "Q249525",
        "cuisine": "burger",
        "name": "Lotteria",
        "takeaway": "yes"
      },
      "geometry": {
        "type": "Point",
        "coordinates": [
          106.6740569,
          10.767519
        ]
      },
      "id": "node/5598915567"
    },
    {
      "type": "Feature",
      "properties": {
        "@id": "node/5598917004",
        "amenity": "fast_food"
      },
      "geometry": {
        "type": "Point",
        "coordinates": [
          106.6748334,
          10.7617351
        ]
      },
      "id": "node/5598917004"
    },
    {
      "type": "Feature",
      "properties": {
        "@id": "node/5598917670",
        "amenity": "cafe",
        "name": "Cà Phê 003"
      },
      "geometry": {
        "type": "Point",
        "coordinates": [
          106.6724449,
          10.7628194
        ]
      },
      "id": "node/5598917670"
    },
    {
      "type": "Feature",
      "properties": {
        "@id": "node/5598917671",
        "amenity": "cafe"
      },
      "geometry": {
        "type": "Point",
        "coordinates": [
          106.6725134,
          10.763224
        ]
      },
      "id": "node/5598917671"
    },
    {
      "type": "Feature",
      "properties": {
        "@id": "node/5598917673",
        "amenity": "fast_food",
        "name": "Bánh Xèo Miền Trung"
      },
      "geometry": {
        "type": "Point",
        "coordinates": [
          106.6723967,
          10.7636547
        ]
      },
      "id": "node/5598917673"
    },
    {
      "type": "Feature",
      "properties": {
        "@id": "node/5598917674",
        "amenity": "cafe"
      },
      "geometry": {
        "type": "Point",
        "coordinates": [
          106.6723645,
          10.7638155
        ]
      },
      "id": "node/5598917674"
    },
    {
      "type": "Feature",
      "properties": {
        "@id": "node/5598918103",
        "addr:city": "Thành phố Hồ Chí Minh",
        "addr:housenumber": "583",
        "addr:street": "Đường 3 Tháng 2",
        "addr:subdistrict": "Phường 8",
        "addr:suburb": "Quận 10",
        "amenity": "cafe",
        "name": "Sườn Trà Singapore"
      },
      "geometry": {
        "type": "Point",
        "coordinates": [
          106.665067,
          10.7664112
        ]
      },
      "id": "node/5598918103"
    },
    {
      "type": "Feature",
      "properties": {
        "@id": "node/5598918110",
        "amenity": "cafe",
        "name": "Cà Phê Simplicity"
      },
      "geometry": {
        "type": "Point",
        "coordinates": [
          106.6647282,
          10.7662225
        ]
      },
      "id": "node/5598918110"
    },
    {
      "type": "Feature",
      "properties": {
        "@id": "node/5617113061",
        "addr:city": "TP HCM",
        "addr:district": "Quận 1",
        "addr:housenumber": "235",
        "addr:street": "Nguyễn Văn Cừ",
        "amenity": "cafe",
        "check_date": "2022-10-02",
        "cuisine": "coffee_shop",
        "internet_access": "wlan",
        "internet_access:fee": "customers",
        "internet_access:ssid": "The Coffee Bean Nowzone",
        "name": "The Coffee Bean & Tea Leaf",
        "not:brand:wikidata": "Q1141384",
        "opening_hours": "06:30-23:00",
        "payment:mastercard": "yes",
        "payment:visa": "yes",
        "website": "https://coffeebean.com.vn",
        "wheelchair": "yes"
      },
      "geometry": {
        "type": "Point",
        "coordinates": [
          106.6823171,
          10.7642634
        ]
      },
      "id": "node/5617113061"
    },
    {
      "type": "Feature",
      "properties": {
        "@id": "node/5660953930",
        "amenity": "cafe",
        "name": "Cà Phê Hot"
      },
      "geometry": {
        "type": "Point",
        "coordinates": [
          106.652079,
          10.7460794
        ]
      },
      "id": "node/5660953930"
    },
    {
      "type": "Feature",
      "properties": {
        "@id": "node/5676717530",
        "addr:housenumber": "17",
        "addr:street": "Đường Lê Hồng Phong",
        "amenity": "restaurant",
        "cuisine": "vietnamese",
        "diet:vegan": "yes",
        "diet:vegetarian": "only",
        "name": "Quán Cơm Chay Trí Đức",
        "name:en": "Tri Duc Vegetarian Restaurant",
        "opening_hours": "Mo-Su 06:00-22:00"
      },
      "geometry": {
        "type": "Point",
        "coordinates": [
          106.6781801,
          10.7566626
        ]
      },
      "id": "node/5676717530"
    },
    {
      "type": "Feature",
      "properties": {
        "@id": "node/5676727923",
        "addr:housenumber": "187",
        "addr:street": "Nguyễn Văn Cừ",
        "amenity": "cafe",
        "cuisine": "tea;vietnamese",
        "name": "Trà Sữa Bocha",
        "name:en": "Bocha milk tea",
        "opening_hours": "Mo-Su 08:30-22:30"
      },
      "geometry": {
        "type": "Point",
        "coordinates": [
          106.6840063,
          10.7590965
        ]
      },
      "id": "node/5676727923"
    },
    {
      "type": "Feature",
      "properties": {
        "@id": "node/5676727924",
        "addr:housenumber": "193",
        "addr:street": "Nguyễn Văn Cừ",
        "amenity": "restaurant",
        "cuisine": "japanese;vietnamese;sushi;asian",
        "name": "Nhà Hàng Sushi MH",
        "opening_hours": "Mo-Su 18:00-22:00"
      },
      "geometry": {
        "type": "Point",
        "coordinates": [
          106.6839301,
          10.7591014
        ]
      },
      "id": "node/5676727924"
    },
    {
      "type": "Feature",
      "properties": {
        "@id": "node/5684857023",
        "addr:housenumber": "29",
        "addr:street": "Nguyễn Trãi",
        "amenity": "cafe",
        "cuisine": "coffee_shop",
        "internet_access": "wlan",
        "name:en": "Coffee Urban Station",
        "opening_hours": "Mo-Su 07:00-22:00"
      },
      "geometry": {
        "type": "Point",
        "coordinates": [
          106.6828831,
          10.7589858
        ]
      },
      "id": "node/5684857023"
    },
    {
      "type": "Feature",
      "properties": {
        "@id": "node/5721729721",
        "amenity": "cafe",
        "name:en": "Chè Khanh Vy"
      },
      "geometry": {
        "type": "Point",
        "coordinates": [
          106.6729961,
          10.7616305
        ]
      },
      "id": "node/5721729721"
    },
    {
      "type": "Feature",
      "properties": {
        "@id": "node/5731773344",
        "amenity": "restaurant"
      },
      "geometry": {
        "type": "Point",
        "coordinates": [
          106.684174,
          10.759495
        ]
      },
      "id": "node/5731773344"
    },
    {
      "type": "Feature",
      "properties": {
        "@id": "node/5737918321",
        "amenity": "cafe",
        "name:en": "Chè Thái Y Phương"
      },
      "geometry": {
        "type": "Point",
        "coordinates": [
          106.6678863,
          10.7639906
        ]
      },
      "id": "node/5737918321"
    },
    {
      "type": "Feature",
      "properties": {
        "@id": "node/5747234521",
        "amenity": "cafe",
        "name:en": "Chè Thái Ý Phương"
      },
      "geometry": {
        "type": "Point",
        "coordinates": [
          106.6679401,
          10.7643628
        ]
      },
      "id": "node/5747234521"
    },
    {
      "type": "Feature",
      "properties": {
        "@id": "node/5747234522",
        "name:en": "Street Food Ghetto",
        "tourism": "attraction"
      },
      "geometry": {
        "type": "Point",
        "coordinates": [
          106.6781032,
          10.7676116
        ]
      },
      "id": "node/5747234522"
    },
    {
      "type": "Feature",
      "properties": {
        "@id": "node/5787267153",
        "amenity": "restaurant",
        "name:en": "Chè Thái Ý Phương"
      },
      "geometry": {
        "type": "Point",
        "coordinates": [
          106.6679679,
          10.7643739
        ]
      },
      "id": "node/5787267153"
    },
    {
      "type": "Feature",
      "properties": {
        "@id": "node/5819504553",
        "addr:housenumber": "109",
        "addr:street": "Đường Trần Hưng Ðạo",
        "amenity": "restaurant",
        "internet_access": "wlan",
        "name": "Bít tết Lục Nguyên",
        "name:en": "Luc Nguyen Beefsteak"
      },
      "geometry": {
        "type": "Point",
        "coordinates": [
          106.6671581,
          10.7523968
        ]
      },
      "id": "node/5819504553"
    },
    {
      "type": "Feature",
      "properties": {
        "@id": "node/5837915365",
        "amenity": "bar",
        "name": "Quán Bar Phoenix",
        "opening_hours": "Mo-Su 15:00-23:00"
      },
      "geometry": {
        "type": "Point",
        "coordinates": [
          106.6749645,
          10.7621352
        ]
      },
      "id": "node/5837915365"
    },
    {
      "type": "Feature",
      "properties": {
        "@id": "node/5837923663",
        "amenity": "restaurant",
        "name": "Nhà Hàng Món Ăn Italian"
      },
      "geometry": {
        "type": "Point",
        "coordinates": [
          106.674923,
          10.762322
        ]
      },
      "id": "node/5837923663"
    },
    {
      "type": "Feature",
      "properties": {
        "@id": "node/5837931023",
        "amenity": "restaurant",
        "name": "Nhà Hàng Denny's",
        "not:brand:wikidata": "Q1189695"
      },
      "geometry": {
        "type": "Point",
        "coordinates": [
          106.6751703,
          10.7620841
        ]
      },
      "id": "node/5837931023"
    },
    {
      "type": "Feature",
      "properties": {
        "@id": "node/5926032385",
        "name": "Cao Ốc - Nguyễn Kim",
        "tourism": "apartment"
      },
      "geometry": {
        "type": "Point",
        "coordinates": [
          106.6618049,
          10.7615168
        ]
      },
      "id": "node/5926032385"
    },
    {
      "type": "Feature",
      "properties": {
        "@id": "node/5941771988",
        "amenity": "food_court",
        "name": "Bò Né Sài Gòn",
        "outdoor_seating": "no",
        "smoking": "yes"
      },
      "geometry": {
        "type": "Point",
        "coordinates": [
          106.6818795,
          10.7541354
        ]
      },
      "id": "node/5941771988"
    },
    {
      "type": "Feature",
      "properties": {
        "@id": "node/5951707086",
        "addr:street": "Đường Trần Bình Trọng",
        "amenity": "restaurant",
        "name": "Banh Canh Cua 14"
      },
      "geometry": {
        "type": "Point",
        "coordinates": [
          106.6802421,
          10.7593678
        ]
      },
      "id": "node/5951707086"
    },
    {
      "type": "Feature",
      "properties": {
        "@id": "node/6128061189",
        "addr:housenumber": "395",
        "addr:street": "Ngô Gia Tự",
        "name": "Nhà Bà Ngoại",
        "tourism": "apartment"
      },
      "geometry": {
        "type": "Point",
        "coordinates": [
          106.6690697,
          10.7601316
        ]
      },
      "id": "node/6128061189"
    },
    {
      "type": "Feature",
      "properties": {
        "@id": "node/6141695368",
        "amenity": "cafe",
        "description": "Nice vietnamese coffee shop at quiet place",
        "name": "Cà Phê Thống Nhất"
      },
      "geometry": {
        "type": "Point",
        "coordinates": [
          106.6796218,
          10.7665978
        ]
      },
      "id": "node/6141695368"
    },
    {
      "type": "Feature",
      "properties": {
        "@id": "node/6166310386",
        "addr:street": "Đường Nguyễn Tri Phương",
        "amenity": "internet_cafe",
        "name": "Điểm Cung Cấp Dịch Vụ Internet Inthenet",
        "name:en": "InTheNet Esports Gaming Centre"
      },
      "geometry": {
        "type": "Point",
        "coordinates": [
          106.6683719,
          10.7615602
        ]
      },
      "id": "node/6166310386"
    },
    {
      "type": "Feature",
      "properties": {
        "@id": "node/6215109985",
        "amenity": "cafe",
        "name": "Quán Cà Phê Cheo Leo",
        "name:en": "Cheo Leo"
      },
      "geometry": {
        "type": "Point",
        "coordinates": [
          106.6798031,
          10.7669052
        ]
      },
      "id": "node/6215109985"
    },
    {
      "type": "Feature",
      "properties": {
        "@id": "node/6313521886",
        "addr:housenumber": "379",
        "addr:postcode": "700000",
        "addr:street": "Đường Vĩnh Viễn",
        "amenity": "restaurant",
        "cuisine": "vietnamese",
        "name": "Quán Ốc 379",
        "name:en": "Bistrol Snails.Clams.Crab 379",
        "name:vi": "Quán Ốc 379",
        "opening_hours": "Mo-Su 18:00-22:00",
        "phone": "+84933179139",
        "website": "https://quanoc379.business.site/"
      },
      "geometry": {
        "type": "Point",
        "coordinates": [
          106.6651827,
          10.7631075
        ]
      },
      "id": "node/6313521886"
    },
    {
      "type": "Feature",
      "properties": {
        "@id": "node/6315671636",
        "historic": "memorial",
        "name": "Tượng Đài Tượng Niệm - Công Viên Văn Lang"
      },
      "geometry": {
        "type": "Point",
        "coordinates": [
          106.6672711,
          10.7563781
        ]
      },
      "id": "node/6315671636"
    },
    {
      "type": "Feature",
      "properties": {
        "@id": "node/6315671662",
        "alt_name:vi": "Cống Trà",
        "amenity": "cafe",
        "brand": "Gong Cha",
        "brand:vi": "Gong Cha",
        "brand:wikidata": "Q5581670",
        "brand:zh": "貢茶",
        "cuisine": "bubble_tea",
        "name": "Gong Cha",
        "name:en": "Gong Cha",
        "name:vi": "Gong Cha",
        "name:zh": "貢茶",
        "takeaway": "yes"
      },
      "geometry": {
        "type": "Point",
        "coordinates": [
          106.6758914,
          10.75829
        ]
      },
      "id": "node/6315671662"
    },
    {
      "type": "Feature",
      "properties": {
        "@id": "node/6315672414",
        "addr:street": "Đường An Dương Vương",
        "amenity": "place_of_worship",
        "name:de": "Kirche"
      },
      "geometry": {
        "type": "Point",
        "coordinates": [
          106.6719427,
          10.7569107
        ]
      },
      "id": "node/6315672414"
    },
    {
      "type": "Feature",
      "properties": {
        "@id": "node/6315672422",
        "amenity": "restaurant"
      },
      "geometry": {
        "type": "Point",
        "coordinates": [
          106.6757972,
          10.758246
        ]
      },
      "id": "node/6315672422"
    },
    {
      "type": "Feature",
      "properties": {
        "@id": "node/6315672440",
        "name:en": "FamilyMart",
        "shop": "supermarket"
      },
      "geometry": {
        "type": "Point",
        "coordinates": [
          106.6815332,
          10.7605434
        ]
      },
      "id": "node/6315672440"
    },
    {
      "type": "Feature",
      "properties": {
        "@id": "node/6315672442",
        "amenity": "restaurant"
      },
      "geometry": {
        "type": "Point",
        "coordinates": [
          106.6829849,
          10.7608321
        ]
      },
      "id": "node/6315672442"
    },
    {
      "type": "Feature",
      "properties": {
        "@id": "node/6315672443",
        "amenity": "cafe"
      },
      "geometry": {
        "type": "Point",
        "coordinates": [
          106.6833626,
          10.7605538
        ]
      },
      "id": "node/6315672443"
    },
    {
      "type": "Feature",
      "properties": {
        "@id": "node/6315672804",
        "amenity": "cafe",
        "name:en": "I'm GP"
      },
      "geometry": {
        "type": "Point",
        "coordinates": [
          106.6622353,
          10.751948
        ]
      },
      "id": "node/6315672804"
    },
    {
      "type": "Feature",
      "properties": {
        "@id": "node/6315672810",
        "name:en": "Rovina",
        "tourism": "hotel"
      },
      "geometry": {
        "type": "Point",
        "coordinates": [
          106.6736941,
          10.758609
        ]
      },
      "id": "node/6315672810"
    },
    {
      "type": "Feature",
      "properties": {
        "@id": "node/6315672811",
        "name:en": "Circle k",
        "shop": "supermarket"
      },
      "geometry": {
        "type": "Point",
        "coordinates": [
          106.6737931,
          10.758085
        ]
      },
      "id": "node/6315672811"
    },
    {
      "type": "Feature",
      "properties": {
        "@id": "node/6315672812",
        "amenity": "place_of_worship",
        "name": "Tịnh Xá Di Đà",
        "religion": "buddhist"
      },
      "geometry": {
        "type": "Point",
        "coordinates": [
          106.6743461,
          10.7574255
        ]
      },
      "id": "node/6315672812"
    },
    {
      "type": "Feature",
      "properties": {
        "@id": "node/6315672813",
        "addr:street": "Đường An Dương Vương",
        "amenity": "cafe",
        "name:en": "Take away"
      },
      "geometry": {
        "type": "Point",
        "coordinates": [
          106.6766205,
          10.7584233
        ]
      },
      "id": "node/6315672813"
    },
    {
      "type": "Feature",
      "properties": {
        "@id": "node/6315672819",
        "amenity": "restaurant"
      },
      "geometry": {
        "type": "Point",
        "coordinates": [
          106.6805301,
          10.7601716
        ]
      },
      "id": "node/6315672819"
    },
    {
      "type": "Feature",
      "properties": {
        "@id": "node/6315672823",
        "amenity": "cafe"
      },
      "geometry": {
        "type": "Point",
        "coordinates": [
          106.6833009,
          10.760716
        ]
      },
      "id": "node/6315672823"
    },
    {
      "type": "Feature",
      "properties": {
        "@id": "node/6315672824",
        "amenity": "restaurant"
      },
      "geometry": {
        "type": "Point",
        "coordinates": [
          106.6835291,
          10.7599937
        ]
      },
      "id": "node/6315672824"
    },
    {
      "type": "Feature",
      "properties": {
        "@id": "node/6315672863",
        "shop": "florist"
      },
      "geometry": {
        "type": "Point",
        "coordinates": [
          106.6795112,
          10.7674887
        ]
      },
      "id": "node/6315672863"
    },
    {
      "type": "Feature",
      "properties": {
        "@id": "node/6315672892",
        "name:zh-Hans": "安东旅店",
        "tourism": "hotel"
      },
      "geometry": {
        "type": "Point",
        "coordinates": [
          106.6738923,
          10.7578469
        ]
      },
      "id": "node/6315672892"
    },
    {
      "type": "Feature",
      "properties": {
        "@id": "node/6315673289",
        "amenity": "cafe"
      },
      "geometry": {
        "type": "Point",
        "coordinates": [
          106.67352,
          10.7583006
        ]
      },
      "id": "node/6315673289"
    },
    {
      "type": "Feature",
      "properties": {
        "@id": "node/6315673290",
        "shop": "supermarket"
      },
      "geometry": {
        "type": "Point",
        "coordinates": [
          106.679414,
          10.7597325
        ]
      },
      "id": "node/6315673290"
    },
    {
      "type": "Feature",
      "properties": {
        "@id": "node/6315685998",
        "tourism": "hotel"
      },
      "geometry": {
        "type": "Point",
        "coordinates": [
          106.6711459,
          10.7594298
        ]
      },
      "id": "node/6315685998"
    },
    {
      "type": "Feature",
      "properties": {
        "@id": "node/6315685999",
        "amenity": "cafe",
        "name:en": "Take time for tea"
      },
      "geometry": {
        "type": "Point",
        "coordinates": [
          106.6723793,
          10.7594226
        ]
      },
      "id": "node/6315685999"
    },
    {
      "type": "Feature",
      "properties": {
        "@id": "node/6315686001",
        "amenity": "nightclub",
        "name:en": "Club 86"
      },
      "geometry": {
        "type": "Point",
        "coordinates": [
          106.6727168,
          10.7598604
        ]
      },
      "id": "node/6315686001"
    },
    {
      "type": "Feature",
      "properties": {
        "@id": "node/6315686002",
        "amenity": "cafe"
      },
      "geometry": {
        "type": "Point",
        "coordinates": [
          106.6767319,
          10.7611587
        ]
      },
      "id": "node/6315686002"
    },
    {
      "type": "Feature",
      "properties": {
        "@id": "node/6315686006",
        "amenity": "restaurant"
      },
      "geometry": {
        "type": "Point",
        "coordinates": [
          106.681182,
          10.7646323
        ]
      },
      "id": "node/6315686006"
    },
    {
      "type": "Feature",
      "properties": {
        "@id": "node/6315686502",
        "amenity": "cafe"
      },
      "geometry": {
        "type": "Point",
        "coordinates": [
          106.6810149,
          10.7644593
        ]
      },
      "id": "node/6315686502"
    },
    {
      "type": "Feature",
      "properties": {
        "@id": "node/6315686588",
        "amenity": "cafe"
      },
      "geometry": {
        "type": "Point",
        "coordinates": [
          106.6734118,
          10.7600586
        ]
      },
      "id": "node/6315686588"
    },
    {
      "type": "Feature",
      "properties": {
        "@id": "node/6315686592",
        "amenity": "restaurant"
      },
      "geometry": {
        "type": "Point",
        "coordinates": [
          106.6798801,
          10.7637338
        ]
      },
      "id": "node/6315686592"
    },
    {
      "type": "Feature",
      "properties": {
        "@id": "node/6315686593",
        "amenity": "restaurant",
        "name:en": "Mr. Bistek"
      },
      "geometry": {
        "type": "Point",
        "coordinates": [
          106.6806499,
          10.7642055
        ]
      },
      "id": "node/6315686593"
    },
    {
      "type": "Feature",
      "properties": {
        "@id": "node/6315686594",
        "amenity": "restaurant"
      },
      "geometry": {
        "type": "Point",
        "coordinates": [
          106.6814154,
          10.7649218
        ]
      },
      "id": "node/6315686594"
    },
    {
      "type": "Feature",
      "properties": {
        "@id": "node/6315686803",
        "tourism": "hotel"
      },
      "geometry": {
        "type": "Point",
        "coordinates": [
          106.6723293,
          10.7597446
        ]
      },
      "id": "node/6315686803"
    },
    {
      "type": "Feature",
      "properties": {
        "@id": "node/6315686804",
        "name:en": "B's mart",
        "shop": "supermarket"
      },
      "geometry": {
        "type": "Point",
        "coordinates": [
          106.6731486,
          10.7603861
        ]
      },
      "id": "node/6315686804"
    },
    {
      "type": "Feature",
      "properties": {
        "@id": "node/6315687001",
        "name": "Siêu Thị CoopMart Hùng Vương",
        "name:en": "Co. Op Mart",
        "shop": "supermarket"
      },
      "geometry": {
        "type": "Point",
        "coordinates": [
          106.6715532,
          10.7593289
        ]
      },
      "id": "node/6315687001"
    },
    {
      "type": "Feature",
      "properties": {
        "@id": "node/6315687004",
        "amenity": "restaurant"
      },
      "geometry": {
        "type": "Point",
        "coordinates": [
          106.6759838,
          10.7619676
        ]
      },
      "id": "node/6315687004"
    },
    {
      "type": "Feature",
      "properties": {
        "@id": "node/6315687007",
        "shop": "photo"
      },
      "geometry": {
        "type": "Point",
        "coordinates": [
          106.6780086,
          10.7615633
        ]
      },
      "id": "node/6315687007"
    },
    {
      "type": "Feature",
      "properties": {
        "@id": "node/6315687009",
        "shop": "florist"
      },
      "geometry": {
        "type": "Point",
        "coordinates": [
          106.6786963,
          10.7621524
        ]
      },
      "id": "node/6315687009"
    },
    {
      "type": "Feature",
      "properties": {
        "@id": "node/6315687013",
        "amenity": "restaurant"
      },
      "geometry": {
        "type": "Point",
        "coordinates": [
          106.6812865,
          10.7647423
        ]
      },
      "id": "node/6315687013"
    },
    {
      "type": "Feature",
      "properties": {
        "@id": "node/6315687014",
        "amenity": "restaurant",
        "name": "Nhà Hàng Phúc An Khang"
      },
      "geometry": {
        "type": "Point",
        "coordinates": [
          106.6820352,
          10.7653975
        ]
      },
      "id": "node/6315687014"
    },
    {
      "type": "Feature",
      "properties": {
        "@id": "node/6315687789",
        "name:en": "Familymart",
        "shop": "supermarket"
      },
      "geometry": {
        "type": "Point",
        "coordinates": [
          106.6735498,
          10.7591603
        ]
      },
      "id": "node/6315687789"
    },
    {
      "type": "Feature",
      "properties": {
        "@id": "node/6315687793",
        "addr:housenumber": "5",
        "addr:street": "Đường Nguyễn Chí Thanh",
        "air_conditioning": "yes",
        "amenity": "restaurant",
        "check_date": "2025-05-29",
        "cuisine": "vietnamese",
        "diet:gluten_free": "yes",
        "diet:vegan": "yes",
        "diet:vegetarian": "only",
        "indoor_seating": "yes",
        "name": "Buddha Chay",
        "outdoor_seating": "no",
        "phone": "+84888303000",
        "smoking": "no",
        "wheelchair": "no"
      },
      "geometry": {
        "type": "Point",
        "coordinates": [
          106.6730074,
          10.7606123
        ]
      },
      "id": "node/6315687793"
    },
    {
      "type": "Feature",
      "properties": {
        "@id": "node/6315687794",
        "amenity": "internet_cafe"
      },
      "geometry": {
        "type": "Point",
        "coordinates": [
          106.6795306,
          10.763014
        ]
      },
      "id": "node/6315687794"
    },
    {
      "type": "Feature",
      "properties": {
        "@id": "node/6315687795",
        "amenity": "cafe",
        "name": "Cafe ViEn"
      },
      "geometry": {
        "type": "Point",
        "coordinates": [
          106.6804356,
          10.7639372
        ]
      },
      "id": "node/6315687795"
    },
    {
      "type": "Feature",
      "properties": {
        "@id": "node/6315687990",
        "amenity": "cafe"
      },
      "geometry": {
        "type": "Point",
        "coordinates": [
          106.6792052,
          10.7624608
        ]
      },
      "id": "node/6315687990"
    },
    {
      "type": "Feature",
      "properties": {
        "@id": "node/6315687991",
        "tourism": "hotel"
      },
      "geometry": {
        "type": "Point",
        "coordinates": [
          106.682015,
          10.7652456
        ]
      },
      "id": "node/6315687991"
    },
    {
      "type": "Feature",
      "properties": {
        "@id": "node/6315688487",
        "amenity": "restaurant",
        "name": "Co Hoa"
      },
      "geometry": {
        "type": "Point",
        "coordinates": [
          106.6714475,
          10.7588745
        ]
      },
      "id": "node/6315688487"
    },
    {
      "type": "Feature",
      "properties": {
        "@id": "node/6315688488",
        "name": "Khách Sạn Xena",
        "name:en": "Xena",
        "tourism": "hotel"
      },
      "geometry": {
        "type": "Point",
        "coordinates": [
          106.6727398,
          10.760527
        ]
      },
      "id": "node/6315688488"
    },
    {
      "type": "Feature",
      "properties": {
        "@id": "node/6315688489",
        "shop": "books"
      },
      "geometry": {
        "type": "Point",
        "coordinates": [
          106.6816119,
          10.7651005
        ]
      },
      "id": "node/6315688489"
    },
    {
      "type": "Feature",
      "properties": {
        "@id": "node/6315688490",
        "amenity": "cafe"
      },
      "geometry": {
        "type": "Point",
        "coordinates": [
          106.684369,
          10.7673784
        ]
      },
      "id": "node/6315688490"
    },
    {
      "type": "Feature",
      "properties": {
        "@id": "node/6315688497",
        "tourism": "hotel"
      },
      "geometry": {
        "type": "Point",
        "coordinates": [
          106.6773211,
          10.766664
        ]
      },
      "id": "node/6315688497"
    },
    {
      "type": "Feature",
      "properties": {
        "@id": "node/6315688587",
        "amenity": "cafe"
      },
      "geometry": {
        "type": "Point",
        "coordinates": [
          106.6790421,
          10.7625039
        ]
      },
      "id": "node/6315688587"
    },
    {
      "type": "Feature",
      "properties": {
        "@id": "node/6315688594",
        "shop": "florist"
      },
      "geometry": {
        "type": "Point",
        "coordinates": [
          106.6761655,
          10.7669138
        ]
      },
      "id": "node/6315688594"
    },
    {
      "type": "Feature",
      "properties": {
        "@id": "node/6315688595",
        "amenity": "restaurant"
      },
      "geometry": {
        "type": "Point",
        "coordinates": [
          106.6825433,
          10.7664547
        ]
      },
      "id": "node/6315688595"
    },
    {
      "type": "Feature",
      "properties": {
        "@id": "node/6315688891",
        "amenity": "restaurant",
        "name": "Nhà hàng 241"
      },
      "geometry": {
        "type": "Point",
        "coordinates": [
          106.6839392,
          10.7668464
        ]
      },
      "id": "node/6315688891"
    },
    {
      "type": "Feature",
      "properties": {
        "@id": "node/6315690585",
        "amenity": "place_of_worship",
        "name:en": "Tempel"
      },
      "geometry": {
        "type": "Point",
        "coordinates": [
          106.6745737,
          10.7612084
        ]
      },
      "id": "node/6315690585"
    },
    {
      "type": "Feature",
      "properties": {
        "@id": "node/6315690586",
        "amenity": "restaurant"
      },
      "geometry": {
        "type": "Point",
        "coordinates": [
          106.683554,
          10.7668202
        ]
      },
      "id": "node/6315690586"
    },
    {
      "type": "Feature",
      "properties": {
        "@id": "node/6315690595",
        "amenity": "restaurant",
        "name:en": "Sushi"
      },
      "geometry": {
        "type": "Point",
        "coordinates": [
          106.6748476,
          10.76785
        ]
      },
      "id": "node/6315690595"
    },
    {
      "type": "Feature",
      "properties": {
        "@id": "node/6375424187",
        "addr:housenumber": "35號",
        "addr:street": "Đường Nguyễn Chí Thanh",
        "amenity": "bar",
        "name:zh": "雙雙餐館"
      },
      "geometry": {
        "type": "Point",
        "coordinates": [
          106.6727114,
          10.7606359
        ]
      },
      "id": "node/6375424187"
    },
    {
      "type": "Feature",
      "properties": {
        "@id": "node/6520653685",
        "addr:housenumber": "512",
        "addr:street": "Đường Nguyễn Thị Minh Khai",
        "amenity": "restaurant",
        "cuisine": "vietnamese;seafood",
        "name": "Nhà Hàng Út Cà Mau"
      },
      "geometry": {
        "type": "Point",
        "coordinates": [
          106.6823741,
          10.7659641
        ]
      },
      "id": "node/6520653685"
    },
    {
      "type": "Feature",
      "properties": {
        "@id": "node/6520653687",
        "addr:street": "Hẻm 486 Vĩnh Viễn",
        "amenity": "food_court",
        "name": "Quán Ăn Hoàng Lan"
      },
      "geometry": {
        "type": "Point",
        "coordinates": [
          106.6651284,
          10.7634
        ]
      },
      "id": "node/6520653687"
    },
    {
      "type": "Feature",
      "properties": {
        "@id": "node/6520653710",
        "amenity": "restaurant",
        "cuisine": "asian",
        "name": "Quán Thiên Thiên Sủi Cảo"
      },
      "geometry": {
        "type": "Point",
        "coordinates": [
          106.6526298,
          10.7581063
        ]
      },
      "id": "node/6520653710"
    },
    {
      "type": "Feature",
      "properties": {
        "@id": "node/6520661991",
        "addr:street": "Hẻm 433 Lê Đại Hành",
        "amenity": "restaurant",
        "cuisine": "seafood;grill",
        "name": "Nhà Hàng Hai Lùn"
      },
      "geometry": {
        "type": "Point",
        "coordinates": [
          106.65255,
          10.7677103
        ]
      },
      "id": "node/6520661991"
    },
    {
      "type": "Feature",
      "properties": {
        "@id": "node/6533206865",
        "amenity": "cafe",
        "cuisine": "coffee_shop",
        "internet_access": "yes",
        "name": "The Coffee House",
        "not:brand:wikidata": "Q60775742",
        "outdoor_seating": "yes"
      },
      "geometry": {
        "type": "Point",
        "coordinates": [
          106.6620435,
          10.7612507
        ]
      },
      "id": "node/6533206865"
    },
    {
      "type": "Feature",
      "properties": {
        "@id": "node/6536295071",
        "addr:city": "Ho Chi Minh City",
        "addr:district": "Quận 5",
        "addr:housenumber": "126",
        "addr:street": "Hùng Vương",
        "addr:subdistrict": "12",
        "name": "Parkson Hùng Vương",
        "opening_hours": "Mo-Su 09:00-22:00",
        "payment:cash": "yes",
        "payment:credit_cards": "yes",
        "payment:debit_cards": "yes",
        "payment:mastercard": "yes",
        "payment:visa": "yes",
        "shop": "mall"
      },
      "geometry": {
        "type": "Point",
        "coordinates": [
          106.6629025,
          10.7557757
        ]
      },
      "id": "node/6536295071"
    },
    {
      "type": "Feature",
      "properties": {
        "@id": "node/6640016186",
        "amenity": "restaurant",
        "name:en": "amazing dumplings"
      },
      "geometry": {
        "type": "Point",
        "coordinates": [
          106.6697756,
          10.7524866
        ]
      },
      "id": "node/6640016186"
    },
    {
      "type": "Feature",
      "properties": {
        "@id": "node/6646675191",
        "addr:city": "Thành phố Hồ Chí Minh",
        "addr:district": "Quận 5",
        "addr:housenumber": "322/15",
        "addr:street": "Đường An Dương Vương",
        "addr:subdistrict": "Phường 4",
        "amenity": "restaurant",
        "cuisine": "vietnamese",
        "name": "Gỏi cuốn Ngon Ngon"
      },
      "geometry": {
        "type": "Point",
        "coordinates": [
          106.6794454,
          10.7599404
        ]
      },
      "id": "node/6646675191"
    },
    {
      "type": "Feature",
      "properties": {
        "@id": "node/6647026485",
        "addr:housenumber": "98",
        "addr:street": "Đường Bình Thới",
        "amenity": "restaurant",
        "name": "Quán 98 - Bánh Canh Nui & Hủ Tiếu Mì"
      },
      "geometry": {
        "type": "Point",
        "coordinates": [
          106.6500879,
          10.7677746
        ]
      },
      "id": "node/6647026485"
    },
    {
      "type": "Feature",
      "properties": {
        "@id": "node/6665818301",
        "addr:housenumber": "259",
        "addr:street": "Hà Tôn Quyền",
        "amenity": "food_court",
        "name": "Chè 259"
      },
      "geometry": {
        "type": "Point",
        "coordinates": [
          106.6525597,
          10.759421
        ]
      },
      "id": "node/6665818301"
    },
    {
      "type": "Feature",
      "properties": {
        "@id": "node/6727039411",
        "addr:street": "Đường An Dương Vương",
        "amenity": "marketplace",
        "name": "Circle K"
      },
      "geometry": {
        "type": "Point",
        "coordinates": [
          106.6808899,
          10.760328
        ]
      },
      "id": "node/6727039411"
    },
    {
      "type": "Feature",
      "properties": {
        "@id": "node/6743834885",
        "addr:housenumber": "352",
        "addr:street": "Đường Nguyễn Trãi",
        "amenity": "restaurant",
        "name": "Bánh Tằm Bì Đồng Tháp"
      },
      "geometry": {
        "type": "Point",
        "coordinates": [
          106.6735592,
          10.7554922
        ]
      },
      "id": "node/6743834885"
    },
    {
      "type": "Feature",
      "properties": {
        "@id": "node/6750505975",
        "addr:street": "Đường Nguyễn Duy Dương",
        "amenity": "cafe"
      },
      "geometry": {
        "type": "Point",
        "coordinates": [
          106.6712674,
          10.7597839
        ]
      },
      "id": "node/6750505975"
    },
    {
      "type": "Feature",
      "properties": {
        "@id": "node/6759581716",
        "addr:street": "Đường Hòa Hảo",
        "amenity": "cafe"
      },
      "geometry": {
        "type": "Point",
        "coordinates": [
          106.66676,
          10.7615243
        ]
      },
      "id": "node/6759581716"
    },
    {
      "type": "Feature",
      "properties": {
        "@id": "node/6770669682",
        "addr:housenumber": "20",
        "addr:street": "Đường Hậu Giang",
        "air_conditioning": "yes",
        "amenity": "fast_food",
        "building": "yes",
        "building:colour": "red",
        "cuisine": "korean",
        "internet_access": "wlan",
        "internet_access:fee": "no",
        "name": "Sasin"
      },
      "geometry": {
        "type": "Point",
        "coordinates": [
          106.6485733,
          10.7497705
        ]
      },
      "id": "node/6770669682"
    },
    {
      "type": "Feature",
      "properties": {
        "@id": "node/6775350681",
        "amenity": "cafe",
        "name": "Cà Phê Starbucks",
        "not:brand:wikidata": "Q37158"
      },
      "geometry": {
        "type": "Point",
        "coordinates": [
          106.6696595,
          10.7536876
        ]
      },
      "id": "node/6775350681"
    },
    {
      "type": "Feature",
      "properties": {
        "@id": "node/6775727584",
        "addr:street": "Đường Trần Bình Trọng",
        "amenity": "marketplace",
        "name": "Circle K"
      },
      "geometry": {
        "type": "Point",
        "coordinates": [
          106.6796708,
          10.7608827
        ]
      },
      "id": "node/6775727584"
    },
    {
      "type": "Feature",
      "properties": {
        "@id": "node/6783685329",
        "addr:street": "Đường Bà Hạt",
        "amenity": "cafe",
        "cuisine": "coffee_shop",
        "name": "Cà Phê VivaStar"
      },
      "geometry": {
        "type": "Point",
        "coordinates": [
          106.6630673,
          10.7646007
        ]
      },
      "id": "node/6783685329"
    },
    {
      "type": "Feature",
      "properties": {
        "@id": "node/6786398502",
        "alt_name": "Gà Rán Kentucky",
        "alt_name:en": "Kentucky Fried Chicken",
        "alt_name:vi": "Gà Rán Kentucky",
        "amenity": "fast_food",
        "brand": "KFC",
        "brand:wikidata": "Q524757",
        "cuisine": "fried_chicken",
        "name": "KFC",
        "takeaway": "yes"
      },
      "geometry": {
        "type": "Point",
        "coordinates": [
          106.6744919,
          10.7677269
        ]
      },
      "id": "node/6786398502"
    },
    {
      "type": "Feature",
      "properties": {
        "@id": "node/6953550285",
        "addr:housenumber": "194 Bến Ba Đình",
        "addr:postcode": "73009",
        "addr:street": "Đường Bến Ba Đình",
        "amenity": "internet_cafe",
        "name": "Quán Internet Khánh Phi",
        "opening_hours": "Mo-Su 09:00-22:30",
        "phone": "0848595636"
      },
      "geometry": {
        "type": "Point",
        "coordinates": [
          106.6661753,
          10.7473695
        ]
      },
      "id": "node/6953550285"
    },
    {
      "type": "Feature",
      "properties": {
        "@id": "node/7010660485",
        "amenity": "restaurant",
        "cuisine": "indian",
        "name:en": "Musa - Indian Goat Curry",
        "opening_hours": "Mo-Su 09:00-23:00",
        "phone": "+842838339167"
      },
      "geometry": {
        "type": "Point",
        "coordinates": [
          106.6741717,
          10.7596162
        ]
      },
      "id": "node/7010660485"
    },
    {
      "type": "Feature",
      "properties": {
        "@id": "node/7016296638",
        "addr:city": "Ho Chi Minh City",
        "addr:district": "10",
        "addr:housenumber": "179",
        "addr:street": "Đường Ngô Gia Tự",
        "addr:subdistrict": "3",
        "leisure": "fitness_centre",
        "name": "Phòng Tập Spirit Yoga",
        "sport": "yoga"
      },
      "geometry": {
        "type": "Point",
        "coordinates": [
          106.6722483,
          10.7646298
        ]
      },
      "id": "node/7016296638"
    },
    {
      "type": "Feature",
      "properties": {
        "@id": "node/7017888851",
        "addr:district": "11",
        "addr:housenumber": "5",
        "addr:street": "Hẻm 235 Tạ Uyên",
        "addr:subdistrict": "6",
        "amenity": "restaurant",
        "cuisine": "chinese",
        "name": "Quán Ăn Sủi Cảo Chú Phương"
      },
      "geometry": {
        "type": "Point",
        "coordinates": [
          106.6527205,
          10.7587299
        ]
      },
      "id": "node/7017888851"
    },
    {
      "type": "Feature",
      "properties": {
        "@id": "node/7017888853",
        "addr:district": "Quận 10",
        "addr:housenumber": "280",
        "addr:street": "Đường Nguyễn Tri Phương",
        "addr:subdistrict": "Phường 4",
        "amenity": "restaurant",
        "name": "Chè Thái Lan 280"
      },
      "geometry": {
        "type": "Point",
        "coordinates": [
          106.6684262,
          10.7623001
        ]
      },
      "id": "node/7017888853"
    },
    {
      "type": "Feature",
      "properties": {
        "@id": "node/7017888854",
        "addr:district": "Quận 10",
        "addr:housenumber": "288",
        "addr:street": "Đường Nguyễn Tri Phương",
        "addr:subdistrict": "Phường 4",
        "amenity": "restaurant",
        "cuisine": "vietnamese",
        "name": "Phở Hùng - Nguyễn Tri Phương"
      },
      "geometry": {
        "type": "Point",
        "coordinates": [
          106.6684,
          10.7624433
        ]
      },
      "id": "node/7017888854"
    },
    {
      "type": "Feature",
      "properties": {
        "@id": "node/7036906085",
        "tourism": "apartment"
      },
      "geometry": {
        "type": "Point",
        "coordinates": [
          106.6507083,
          10.7525141
        ]
      },
      "id": "node/7036906085"
    },
    {
      "type": "Feature",
      "properties": {
        "@id": "node/7113998090",
        "amenity": "fast_food",
        "internet_access": "wlan",
        "name:en": "McDonald’s Hong Bang"
      },
      "geometry": {
        "type": "Point",
        "coordinates": [
          106.6574136,
          10.7545011
        ]
      },
      "id": "node/7113998090"
    },
    {
      "type": "Feature",
      "properties": {
        "@id": "node/7121874588",
        "addr:housenumber": "10",
        "addr:street": "Nguyễn Tri Phương",
        "air_conditioning": "yes",
        "amenity": "restaurant",
        "contact:facebook": "bepxanhanduyen",
        "contact:website": "https://www.bepxanhanduyen.com",
        "cuisine": "chinese",
        "diet:vegan": "yes",
        "diet:vegetarian": "yes",
        "indoor_seating": "yes",
        "internet_access": "wlan",
        "name": "Nhà Hàng Chay An Duyên",
        "name:en": "An Duyen Vegetarian",
        "opening_hours": "Mo-Su 10:00-14:00,17:00-21:30",
        "outdoor_seating": "no",
        "phone": "+84 28 2212 9947",
        "smoking": "no",
        "wheelchair": "limited"
      },
      "geometry": {
        "type": "Point",
        "coordinates": [
          106.6695873,
          10.7513543
        ]
      },
      "id": "node/7121874588"
    },
    {
      "type": "Feature",
      "properties": {
        "@id": "node/7185679986",
        "amenity": "cafe",
        "name": "Cà Phê Sạch Nguyên Chất"
      },
      "geometry": {
        "type": "Point",
        "coordinates": [
          106.6603957,
          10.7547359
        ]
      },
      "id": "node/7185679986"
    },
    {
      "type": "Feature",
      "properties": {
        "@id": "node/7243812585",
        "amenity": "fast_food",
        "name:en": "Streetfood Street"
      },
      "geometry": {
        "type": "Point",
        "coordinates": [
          106.6724468,
          10.7637438
        ]
      },
      "id": "node/7243812585"
    },
    {
      "type": "Feature",
      "properties": {
        "@id": "node/7944770285",
        "amenity": "restaurant",
        "name": "Nhà Hàng Hotspot Story"
      },
      "geometry": {
        "type": "Point",
        "coordinates": [
          106.6564135,
          10.7544659
        ]
      },
      "id": "node/7944770285"
    },
    {
      "type": "Feature",
      "properties": {
        "@id": "node/7944770385",
        "amenity": "cafe",
        "name": "Highland Coffee"
      },
      "geometry": {
        "type": "Point",
        "coordinates": [
          106.6625646,
          10.7557422
        ]
      },
      "id": "node/7944770385"
    },
    {
      "type": "Feature",
      "properties": {
        "@id": "node/8089827300",
        "addr:city": "Ho Chi Minh City",
        "addr:district": "Quận 5",
        "addr:housenumber": "281",
        "addr:street": "Đường Hùng Vương",
        "addr:subdistrict": "Phường 9",
        "amenity": "cafe",
        "cuisine": "coffee_shop",
        "internet_access": "wlan",
        "internet_access:fee": "customers",
        "name": "Cà Phê Hồng",
        "opening_hours": "24/7",
        "outdoor_seating": "yes",
        "phone": "+84843188998"
      },
      "geometry": {
        "type": "Point",
        "coordinates": [
          106.6706942,
          10.7582857
        ]
      },
      "id": "node/8089827300"
    },
    {
      "type": "Feature",
      "properties": {
        "@id": "node/8100983474",
        "amenity": "restaurant",
        "cuisine": "rice"
      },
      "geometry": {
        "type": "Point",
        "coordinates": [
          106.6821018,
          10.7485923
        ]
      },
      "id": "node/8100983474"
    },
    {
      "type": "Feature",
      "properties": {
        "@id": "node/8100983478",
        "amenity": "restaurant",
        "cuisine": "rice",
        "name": "Cơm Tấm - Âu Dương Lân"
      },
      "geometry": {
        "type": "Point",
        "coordinates": [
          106.6820224,
          10.7479219
        ]
      },
      "id": "node/8100983478"
    },
    {
      "type": "Feature",
      "properties": {
        "@id": "node/8100983481",
        "amenity": "fast_food",
        "cuisine": "juice",
        "name": "Chè Thảo"
      },
      "geometry": {
        "type": "Point",
        "coordinates": [
          106.6820525,
          10.7475488
        ]
      },
      "id": "node/8100983481"
    },
    {
      "type": "Feature",
      "properties": {
        "@id": "node/8100983483",
        "beauty": "nails",
        "name": "Thẩm Mỹ H2 Nail",
        "shop": "beauty"
      },
      "geometry": {
        "type": "Point",
        "coordinates": [
          106.6822585,
          10.7471525
        ]
      },
      "id": "node/8100983483"
    },
    {
      "type": "Feature",
      "properties": {
        "@id": "node/8100983487",
        "amenity": "restaurant",
        "diet:vegetarian": "yes",
        "name": "Nhà Hàng Như Ý"
      },
      "geometry": {
        "type": "Point",
        "coordinates": [
          106.6828013,
          10.7461511
        ]
      },
      "id": "node/8100983487"
    },
    {
      "type": "Feature",
      "properties": {
        "@id": "node/8100983490",
        "name": "Bách Hóa Xanh",
        "shop": "supermarket"
      },
      "geometry": {
        "type": "Point",
        "coordinates": [
          106.6830717,
          10.7459593
        ]
      },
      "id": "node/8100983490"
    },
    {
      "type": "Feature",
      "properties": {
        "@id": "node/8570873421",
        "addr:city": "Ho Chi Minh City",
        "addr:district": "Quận 10",
        "addr:housenumber": "226",
        "addr:postcode": "72000",
        "addr:province": "Hồ Chí Minh",
        "addr:street": "Đường Nguyễn Tri Phương",
        "addr:subdistrict": "Phường 4",
        "air_conditioning": "yes",
        "amenity": "restaurant",
        "cuisine": "chicken;fast_food;korean",
        "delivery": "yes",
        "diet:meat": "yes",
        "name": "Chicken Plus Nguyễn Tri Phương",
        "opening_hours": "Mo-Su 10:00-22:00",
        "takeaway": "yes",
        "website": "https://gachienchickenplus.com"
      },
      "geometry": {
        "type": "Point",
        "coordinates": [
          106.6687167,
          10.7613537
        ]
      },
      "id": "node/8570873421"
    },
    {
      "type": "Feature",
      "properties": {
        "@id": "node/8724303924",
        "addr:city": "Ho Chi Minh City",
        "addr:district": "10",
        "addr:housenumber": "336",
        "addr:postcode": "70000",
        "addr:province": "HoChiMinh City",
        "addr:street": "Đường Nguyễn Duy Dương",
        "addr:subdistrict": "9",
        "air_conditioning": "yes",
        "amenity": "restaurant",
        "changing_table": "no",
        "cuisine": "vietnamese",
        "currency:VND": "yes",
        "diet:gluten_free": "yes",
        "diet:halal": "yes",
        "diet:vegan": "yes",
        "diet:vegetarian": "only",
        "image": "https://i.imgur.com/jS42439.jpg",
        "indoor_seating": "yes",
        "internet_access": "wlan",
        "name": "Cơm Chay Thuyền Tịnh",
        "opening_hours": "24/7",
        "operator": "Chin Meat",
        "outdoor_seating": "no",
        "payment:cash": "yes",
        "payment:contactless": "yes",
        "payment:credit_cards": "yes",
        "payment:electronic_purses": "yes",
        "phone": "+84914145614",
        "smoking": "no",
        "website": "https://www.chinmeat.com",
        "wheelchair": "no"
      },
      "geometry": {
        "type": "Point",
        "coordinates": [
          106.6702377,
          10.764674
        ]
      },
      "id": "node/8724303924"
    },
    {
      "type": "Feature",
      "properties": {
        "@id": "node/9491087838",
        "addr:district": "Quận 11",
        "addr:floor": "1-5",
        "addr:housenumber": "968",
        "addr:province": "Hồ Chí Minh",
        "addr:street": "Đường 3 Tháng 2",
        "addr:subdistrict": "Phường 15",
        "brand": "Lotte Department Store",
        "name": "Lotteria",
        "not:brand:wikidata": "Q489905",
        "opening_hours": "Mo-Su 08:00-22:00",
        "phone": "028 2225 0686",
        "shop": "department_store",
        "website": "https://lottemart.com.vn/"
      },
      "geometry": {
        "type": "Point",
        "coordinates": [
          106.657428,
          10.7625748
        ]
      },
      "id": "node/9491087838"
    },
    {
      "type": "Feature",
      "properties": {
        "@id": "node/9584599328",
        "amenity": "place_of_worship",
        "name": "Nhà thờ Hưng Phú",
        "religion": "christian"
      },
      "geometry": {
        "type": "Point",
        "coordinates": [
          106.6720644,
          10.7456874
        ]
      },
      "id": "node/9584599328"
    },
    {
      "type": "Feature",
      "properties": {
        "@id": "node/9584841106",
        "amenity": "marketplace",
        "name": "Chợ Hoa Hồ Thị Kỷ"
      },
      "geometry": {
        "type": "Point",
        "coordinates": [
          106.6774059,
          10.7656721
        ]
      },
      "id": "node/9584841106"
    },
    {
      "type": "Feature",
      "properties": {
        "@id": "node/9584911955",
        "amenity": "cafe",
        "name": "Three O'Clock - Nguyễn Thị Minh Khai"
      },
      "geometry": {
        "type": "Point",
        "coordinates": [
          106.683628,
          10.7679645
        ]
      },
      "id": "node/9584911955"
    },
    {
      "type": "Feature",
      "properties": {
        "@id": "node/9584911958",
        "name": "Nhà Sách Cá Chép",
        "shop": "books"
      },
      "geometry": {
        "type": "Point",
        "coordinates": [
          106.6835742,
          10.7670937
        ]
      },
      "id": "node/9584911958"
    },
    {
      "type": "Feature",
      "properties": {
        "@id": "node/9584926445",
        "amenity": "cafe",
        "cuisine": "coffee_shop",
        "name": "Quán cà phê Chung Cư Xi Grand Court"
      },
      "geometry": {
        "type": "Point",
        "coordinates": [
          106.6596334,
          10.7679828
        ]
      },
      "id": "node/9584926445"
    },
    {
      "type": "Feature",
      "properties": {
        "@id": "node/9585091212",
        "amenity": "restaurant",
        "name": "Nhà Hàng Ái Huê"
      },
      "geometry": {
        "type": "Point",
        "coordinates": [
          106.659823,
          10.7520124
        ]
      },
      "id": "node/9585091212"
    },
    {
      "type": "Feature",
      "properties": {
        "@id": "node/9585108825",
        "amenity": "place_of_worship",
        "name": "Chùa Đại Hạnh",
        "religion": "buddhist"
      },
      "geometry": {
        "type": "Point",
        "coordinates": [
          106.6764865,
          10.7678181
        ]
      },
      "id": "node/9585108825"
    },
    {
      "type": "Feature",
      "properties": {
        "@id": "node/9585453810",
        "amenity": "place_of_worship",
        "name": "Chùa Minh Nguyệt",
        "religion": "buddhist"
      },
      "geometry": {
        "type": "Point",
        "coordinates": [
          106.6567172,
          10.7505054
        ]
      },
      "id": "node/9585453810"
    },
    {
      "type": "Feature",
      "properties": {
        "@id": "node/9585835375",
        "name": "Trung Tâm Mua Sắm Nowzone - Nguyễn Văn Cừ",
        "shop": "mall"
      },
      "geometry": {
        "type": "Point",
        "coordinates": [
          106.6824266,
          10.764339
        ]
      },
      "id": "node/9585835375"
    },
    {
      "type": "Feature",
      "properties": {
        "@id": "node/9586952125",
        "name": "Coop Food - Chung cư Phan Văn Trị",
        "shop": "supermarket"
      },
      "geometry": {
        "type": "Point",
        "coordinates": [
          106.6781767,
          10.7564696
        ]
      },
      "id": "node/9586952125"
    },
    {
      "type": "Feature",
      "properties": {
        "@id": "node/9586952136",
        "amenity": "place_of_worship",
        "name": "Chùa Thiện Mỹ",
        "religion": "buddhist"
      },
      "geometry": {
        "type": "Point",
        "coordinates": [
          106.6830606,
          10.754
        ]
      },
      "id": "node/9586952136"
    },
    {
      "type": "Feature",
      "properties": {
        "@id": "node/9587016887",
        "amenity": "restaurant",
        "name": "Nhà Hàng Hải Sản Dim Tu Tac"
      },
      "geometry": {
        "type": "Point",
        "coordinates": [
          106.6714295,
          10.7528439
        ]
      },
      "id": "node/9587016887"
    },
    {
      "type": "Feature",
      "properties": {
        "@id": "node/9587016888",
        "amenity": "place_of_worship",
        "name": "Chùa Thiên Tôn",
        "religion": "buddhist"
      },
      "geometry": {
        "type": "Point",
        "coordinates": [
          106.6720686,
          10.7517854
        ]
      },
      "id": "node/9587016888"
    },
    {
      "type": "Feature",
      "properties": {
        "@id": "node/9587016889",
        "amenity": "place_of_worship",
        "name": "Tịnh Xá Quan Âm",
        "religion": "buddhist"
      },
      "geometry": {
        "type": "Point",
        "coordinates": [
          106.6706184,
          10.7542349
        ]
      },
      "id": "node/9587016889"
    },
    {
      "type": "Feature",
      "properties": {
        "@id": "node/9587042696",
        "brand": "Lotte Department Store",
        "brand:wikidata": "Q489905",
        "name": "Lotte Department Store",
        "shop": "department_store"
      },
      "geometry": {
        "type": "Point",
        "coordinates": [
          106.6572834,
          10.7630157
        ]
      },
      "id": "node/9587042696"
    },
    {
      "type": "Feature",
      "properties": {
        "@id": "node/9587246052",
        "amenity": "restaurant",
        "name": "Manwah Taiwanese Hotpot - An Dương Vương"
      },
      "geometry": {
        "type": "Point",
        "coordinates": [
          106.6716432,
          10.7569381
        ]
      },
      "id": "node/9587246052"
    },
    {
      "type": "Feature",
      "properties": {
        "@id": "node/9587246053",
        "amenity": "cafe",
        "name": "Katinat Saigon Kafe"
      },
      "geometry": {
        "type": "Point",
        "coordinates": [
          106.6733947,
          10.7579622
        ]
      },
      "id": "node/9587246053"
    },
    {
      "type": "Feature",
      "properties": {
        "@id": "node/9587566621",
        "name": "Siêu thị Co.opmart Tuy Lý Vương",
        "shop": "supermarket"
      },
      "geometry": {
        "type": "Point",
        "coordinates": [
          106.6552043,
          10.7443048
        ]
      },
      "id": "node/9587566621"
    },
    {
      "type": "Feature",
      "properties": {
        "@id": "node/9660438899",
        "addr:city": "TP. Hồ Chí Minh",
        "addr:district": "Quận 5",
        "addr:housenumber": "55",
        "addr:postcode": "70000",
        "addr:province": "Hồ Chí Minh",
        "addr:street": "Đường Huỳnh Mẫn Đạt",
        "addr:subdistrict": "5",
        "air_conditioning": "yes",
        "amenity": "bar",
        "internet_access": "yes",
        "min_age": "18",
        "name": "777 hai",
        "opening_hours": "Mo-Su 18:00-02:00",
        "payment:cash": "yes",
        "payment:credit_cards": "yes",
        "payment:debit_cards": "yes",
        "payment:mastercard": "yes",
        "payment:visa": "yes",
        "smoking": "yes"
      },
      "geometry": {
        "type": "Point",
        "coordinates": [
          106.6769009,
          10.753394
        ]
      },
      "id": "node/9660438899"
    },
    {
      "type": "Feature",
      "properties": {
        "@id": "node/9751109563",
        "addr:city": "Thành phố Hồ Chí Minh",
        "addr:district": "10",
        "addr:housenumber": "666/44",
        "addr:street": "3 tháng 2",
        "addr:subdistrict": "phường 14",
        "leisure": "park",
        "name": "Công viên nội bộ chung cư Hòa Bình",
        "opening_hours": "24/7",
        "operator": "Chung cư Hòa Bình"
      },
      "geometry": {
        "type": "Point",
        "coordinates": [
          106.6610774,
          10.7670592
        ]
      },
      "id": "node/9751109563"
    },
    {
      "type": "Feature",
      "properties": {
        "@id": "node/9814560017",
        "amenity": "restaurant",
        "name:en": "Ông Sủi Dim Sum"
      },
      "geometry": {
        "type": "Point",
        "coordinates": [
          106.65915,
          10.7513156
        ]
      },
      "id": "node/9814560017"
    },
    {
      "type": "Feature",
      "properties": {
        "@id": "node/9890964717",
        "amenity": "cafe",
        "name:en": "CAFE 68"
      },
      "geometry": {
        "type": "Point",
        "coordinates": [
          106.6732068,
          10.7601395
        ]
      },
      "id": "node/9890964717"
    },
    {
      "type": "Feature",
      "properties": {
        "@id": "node/9895606124",
        "addr:housenumber": "7B",
        "addr:street": "Đường Hậu Giang",
        "amenity": "restaurant",
        "name": "Nhất Tỷ, Mì xe đẩy",
        "phone": "0908222888"
      },
      "geometry": {
        "type": "Point",
        "coordinates": [
          106.6492538,
          10.7496755
        ]
      },
      "id": "node/9895606124"
    },
    {
      "type": "Feature",
      "properties": {
        "@id": "node/9921258275",
        "amenity": "restaurant"
      },
      "geometry": {
        "type": "Point",
        "coordinates": [
          106.6503335,
          10.7532461
        ]
      },
      "id": "node/9921258275"
    },
    {
      "type": "Feature",
      "properties": {
        "@id": "node/9921293864",
        "amenity": "cafe",
        "name": "Cheese Coffee"
      },
      "geometry": {
        "type": "Point",
        "coordinates": [
          106.6602164,
          10.7546442
        ]
      },
      "id": "node/9921293864"
    },
    {
      "type": "Feature",
      "properties": {
        "@id": "node/9921296284",
        "amenity": "restaurant",
        "name": "Manwah Taiwanese Hot Pot"
      },
      "geometry": {
        "type": "Point",
        "coordinates": [
          106.6715768,
          10.7568503
        ]
      },
      "id": "node/9921296284"
    },
    {
      "type": "Feature",
      "properties": {
        "@id": "node/9921309396",
        "shop": "photo"
      },
      "geometry": {
        "type": "Point",
        "coordinates": [
          106.6498456,
          10.7533045
        ]
      },
      "id": "node/9921309396"
    },
    {
      "type": "Feature",
      "properties": {
        "@id": "node/9921314446",
        "amenity": "cafe"
      },
      "geometry": {
        "type": "Point",
        "coordinates": [
          106.6713532,
          10.7568039
        ]
      },
      "id": "node/9921314446"
    },
    {
      "type": "Feature",
      "properties": {
        "@id": "node/9937516717",
        "amenity": "restaurant",
        "name:en": "Dumpling Woman"
      },
      "geometry": {
        "type": "Point",
        "coordinates": [
          106.6544179,
          10.7578254
        ]
      },
      "id": "node/9937516717"
    },
    {
      "type": "Feature",
      "properties": {
        "@id": "node/10158711218",
        "addr:housenumber": "39",
        "addr:street": "Đường Hùng Vương",
        "internet_access": "wlan",
        "level": "1",
        "name": "NATURAL HOUSE hostel",
        "phone": "0084911411241",
        "tourism": "hostel"
      },
      "geometry": {
        "type": "Point",
        "coordinates": [
          106.678264,
          10.7633355
        ]
      },
      "id": "node/10158711218"
    },
    {
      "type": "Feature",
      "properties": {
        "@id": "node/10982474705",
        "amenity": "pub",
        "name": "Nhậu ngon"
      },
      "geometry": {
        "type": "Point",
        "coordinates": [
          106.6501344,
          10.7667439
        ]
      },
      "id": "node/10982474705"
    },
    {
      "type": "Feature",
      "properties": {
        "@id": "node/11056012164",
        "addr:city": "Ho Chi Minh City",
        "addr:district": "8",
        "addr:housenumber": "200",
        "addr:province": "Hồ Chí Minh",
        "addr:street": "Phạm Thế Hiển",
        "addr:subdistrict": "4",
        "leisure": "park",
        "name": "Công viên Dạ Nam"
      },
      "geometry": {
        "type": "Point",
        "coordinates": [
          106.6835781,
          10.7489187
        ]
      },
      "id": "node/11056012164"
    },
    {
      "type": "Feature",
      "properties": {
        "@id": "node/11063430386",
        "addr:city": "Ho Chi Minh City",
        "addr:district": "Quận 8",
        "addr:housenumber": "554",
        "addr:street": "Hưng Phú",
        "addr:subdistrict": "Phường 9",
        "amenity": "place_of_worship",
        "name": "Chùa Lộc Dã",
        "religion": "buddhist"
      },
      "geometry": {
        "type": "Point",
        "coordinates": [
          106.670759,
          10.7467864
        ]
      },
      "id": "node/11063430386"
    },
    {
      "type": "Feature",
      "properties": {
        "@id": "node/11063450896",
        "addr:city": "Ho Chi Minh City",
        "addr:district": "Quận 8",
        "addr:housenumber": "268",
        "addr:street": "Nguyễn Duy",
        "addr:subdistrict": "Phường 9",
        "amenity": "place_of_worship",
        "name": "Chùa Giác Quang",
        "religion": "buddhist"
      },
      "geometry": {
        "type": "Point",
        "coordinates": [
          106.6662817,
          10.7447819
        ]
      },
      "id": "node/11063450896"
    },
    {
      "type": "Feature",
      "properties": {
        "@id": "node/11080243733",
        "addr:city": "Ho Chi Minh City",
        "addr:district": "8",
        "addr:housenumber": "160",
        "addr:street": "Đường Âu Dương Lân",
        "addr:subdistrict": "3",
        "amenity": "fast_food",
        "cuisine": "juice;sugar_cane_juice",
        "drive_through": "yes",
        "name": "Nước Mía 160 (Sugarcane Juice)",
        "opening_hours": "Mo-Su 09:00-21:00",
        "operator": "Mr. Hùng",
        "phone": "0907681413"
      },
      "geometry": {
        "type": "Point",
        "coordinates": [
          106.6832426,
          10.7456016
        ]
      },
      "id": "node/11080243733"
    },
    {
      "type": "Feature",
      "properties": {
        "@id": "node/11358218630",
        "name": "Hoa Kiều",
        "phone": "+842835350611",
        "shop": "massage",
        "website": "https://www.hoakieu.vn/"
      },
      "geometry": {
        "type": "Point",
        "coordinates": [
          106.6536923,
          10.7587997
        ]
      },
      "id": "node/11358218630"
    },
    {
      "type": "Feature",
      "properties": {
        "@id": "node/11515855855",
        "amenity": "bar",
        "name": "1127 KTV",
        "website": "https://www.facebook.com/1127KTV"
      },
      "geometry": {
        "type": "Point",
        "coordinates": [
          106.6730685,
          10.7530028
        ]
      },
      "id": "node/11515855855"
    },
    {
      "type": "Feature",
      "properties": {
        "@id": "node/11515855856",
        "name": "Hạnh long 2 HOTEL",
        "tourism": "hotel"
      },
      "geometry": {
        "type": "Point",
        "coordinates": [
          106.6733125,
          10.7530744
        ]
      },
      "id": "node/11515855856"
    },
    {
      "type": "Feature",
      "properties": {
        "@id": "node/11515855857",
        "amenity": "restaurant",
        "name": "Canh Tiềm Dinh Dưỡng Minh Ký"
      },
      "geometry": {
        "type": "Point",
        "coordinates": [
          106.6734332,
          10.752898
        ]
      },
      "id": "node/11515855857"
    },
    {
      "type": "Feature",
      "properties": {
        "@id": "node/11515855858",
        "amenity": "restaurant",
        "name": "Lò Đất BBQ"
      },
      "geometry": {
        "type": "Point",
        "coordinates": [
          106.6737282,
          10.7524125
        ]
      },
      "id": "node/11515855858"
    },
    {
      "type": "Feature",
      "properties": {
        "@id": "node/11515855859",
        "name": "Nhà Nghỉ Đức Minh",
        "name:ja": "ニャギ ドゥクミン",
        "tourism": "motel"
      },
      "geometry": {
        "type": "Point",
        "coordinates": [
          106.6739078,
          10.7521573
        ]
      },
      "id": "node/11515855859"
    },
    {
      "type": "Feature",
      "properties": {
        "@id": "node/11515855861",
        "amenity": "restaurant",
        "name": "大娘餃子"
      },
      "geometry": {
        "type": "Point",
        "coordinates": [
          106.6726396,
          10.7532254
        ]
      },
      "id": "node/11515855861"
    },
    {
      "type": "Feature",
      "properties": {
        "@id": "node/11515855862",
        "name": "Zen Spa",
        "shop": "massage",
        "website": "https://zenspa930.vn/"
      },
      "geometry": {
        "type": "Point",
        "coordinates": [
          106.6734016,
          10.7534145
        ]
      },
      "id": "node/11515855862"
    },
    {
      "type": "Feature",
      "properties": {
        "@id": "node/11515855865",
        "amenity": "cafe",
        "name": "Cafe Trung Nguyên"
      },
      "geometry": {
        "type": "Point",
        "coordinates": [
          106.6736236,
          10.753134
        ]
      },
      "id": "node/11515855865"
    },
    {
      "type": "Feature",
      "properties": {
        "@id": "node/11515855866",
        "name": "Cửa Hàng Vinh Phát",
        "shop": "supermarket"
      },
      "geometry": {
        "type": "Point",
        "coordinates": [
          106.6747077,
          10.7532921
        ]
      },
      "id": "node/11515855866"
    },
    {
      "type": "Feature",
      "properties": {
        "@id": "node/11515873094",
        "name": "700 FORTUNE",
        "tourism": "hotel"
      },
      "geometry": {
        "type": "Point",
        "coordinates": [
          106.6778146,
          10.7545645
        ]
      },
      "id": "node/11515873094"
    },
    {
      "type": "Feature",
      "properties": {
        "@id": "node/11515873469",
        "name": "Foot Masage Hạnh Long",
        "shop": "massage"
      },
      "geometry": {
        "type": "Point",
        "coordinates": [
          106.6730007,
          10.7529634
        ]
      },
      "id": "node/11515873469"
    },
    {
      "type": "Feature",
      "properties": {
        "@id": "node/11587627010",
        "addr:city": "Thành phố Hồ Chí Minh",
        "addr:district": "Quận 11",
        "addr:housenumber": "409",
        "addr:street": "Đường Lê Đại Hành",
        "addr:subdistrict": "Phường 11",
        "amenity": "fast_food",
        "cuisine": "chicken",
        "name": "Don Chicken Lê Đại Hành"
      },
      "geometry": {
        "type": "Point",
        "coordinates": [
          106.6531122,
          10.7675775
        ]
      },
      "id": "node/11587627010"
    },
    {
      "type": "Feature",
      "properties": {
        "@id": "node/11587627019",
        "amenity": "fast_food",
        "brand": "Popeyes",
        "brand:wikidata": "Q1330910",
        "cuisine": "chicken",
        "name": "Popeyes",
        "official_name": "Popeyes Louisiana Kitchen",
        "takeaway": "yes"
      },
      "geometry": {
        "type": "Point",
        "coordinates": [
          106.6532586,
          10.7673439
        ]
      },
      "id": "node/11587627019"
    },
    {
      "type": "Feature",
      "properties": {
        "@id": "node/11700124145",
        "historic": "monument",
        "name": "Bia Truyền thống Vườn Lài"
      },
      "geometry": {
        "type": "Point",
        "coordinates": [
          106.6727071,
          10.7649738
        ]
      },
      "id": "node/11700124145"
    },
    {
      "type": "Feature",
      "properties": {
        "@id": "node/11911512469",
        "addr:housenumber": "7",
        "addr:street": "Nguyễn Lâm",
        "air_conditioning": "yes",
        "amenity": "restaurant",
        "changing_table": "no",
        "contact:facebook": "quanchay.disau",
        "cuisine": "regional",
        "diet:gluten_free": "yes",
        "diet:halal": "yes",
        "diet:vegan": "yes",
        "diet:vegetarian": "only",
        "indoor_seating": "yes",
        "internet_access": "wlan",
        "name": "Quán Chay Dì Sáu",
        "name:en": "Dì Sáu Vegetarian Restaurant",
        "opening_hours": "Mo-Su 06:30-20:30",
        "outdoor_seating": "street",
        "phone": "0903955046",
        "smoking": "no",
        "toilets:wheelchair": "no",
        "wheelchair": "limited"
      },
      "geometry": {
        "type": "Point",
        "coordinates": [
          106.663399,
          10.7619659
        ]
      },
      "id": "node/11911512469"
    },
    {
      "type": "Feature",
      "properties": {
        "@id": "node/12328816302",
        "addr:street": "Hẻm 105 Hồ Thị Kỷ",
        "amenity": "fast_food",
        "name": "A Bao"
      },
      "geometry": {
        "type": "Point",
        "coordinates": [
          106.6765439,
          10.7648756
        ]
      },
      "id": "node/12328816302"
    },
    {
      "type": "Feature",
      "properties": {
        "@id": "node/12328816501",
        "amenity": "fast_food",
        "name": "Hồ Thị Kỷ"
      },
      "geometry": {
        "type": "Point",
        "coordinates": [
          106.6764346,
          10.7651009
        ]
      },
      "id": "node/12328816501"
    },
    {
      "type": "Feature",
      "properties": {
        "@id": "node/12369727601",
        "amenity": "place_of_worship",
        "name": "Hội quán Phước An Padoga",
        "religion": "chinese_folk"
      },
      "geometry": {
        "type": "Point",
        "coordinates": [
          106.6589253,
          10.7549785
        ]
      },
      "id": "node/12369727601"
    },
    {
      "type": "Feature",
      "properties": {
        "@id": "node/12499995979",
        "addr:city": "Ho Chi Minh City",
        "addr:district": "Quận 10",
        "addr:housenumber": "19",
        "addr:street": "Hẻm 51 Hồ Thị Kỷ",
        "addr:subdistrict": "Phường 1",
        "amenity": "cafe",
        "cuisine": "dessert",
        "name": "Chè Cô Có",
        "street_vendor": "yes"
      },
      "geometry": {
        "type": "Point",
        "coordinates": [
          106.6768478,
          10.7644666
        ]
      },
      "id": "node/12499995979"
    },
    {
      "type": "Feature",
      "properties": {
        "@id": "node/12500363368",
        "addr:city": "Ho Chi Minh City",
        "addr:district": "Quận 5",
        "addr:housenumber": "153",
        "addr:street": "Hùng Vương",
        "addr:subdistrict": "Phường 4",
        "amenity": "cafe",
        "brand": "Highlands Coffee",
        "brand:wikidata": "Q5759361",
        "cuisine": "coffee_shop;vietnamese",
        "name": "Highlands Coffee",
        "name:en": "Highlands Coffee",
        "opening_hours": "Mo-Su 07:00-23:00",
        "takeaway": "yes"
      },
      "geometry": {
        "type": "Point",
        "coordinates": [
          106.6751888,
          10.7611726
        ]
      },
      "id": "node/12500363368"
    },
    {
      "type": "Feature",
      "properties": {
        "@id": "node/12520054126",
        "amenity": "fast_food",
        "cuisine": "vietnamese",
        "name": "Bánh Canh Cua Châu Lan"
      },
      "geometry": {
        "type": "Point",
        "coordinates": [
          106.6511166,
          10.7489165
        ]
      },
      "id": "node/12520054126"
    },
    {
      "type": "Feature",
      "properties": {
        "@id": "node/12531355050",
        "addr:city": "Ho Chi Minh City",
        "addr:district": "Quận 6",
        "addr:floor": "5",
        "addr:street": "Đường Võ Văn Kiệt",
        "addr:subdistrict": "Phường 3",
        "amenity": "restaurant",
        "branch": "Võ Văn Kiệt",
        "brand": "Buffet Poseidon",
        "cuisine": "seafood;vietnamese",
        "name": "Buffet Poseidon Võ Văn Kiệt"
      },
      "geometry": {
        "type": "Point",
        "coordinates": [
          106.6483735,
          10.7434609
        ]
      },
      "id": "node/12531355050"
    },
    {
      "type": "Feature",
      "properties": {
        "@id": "node/12531408215",
        "addr:city": "Ho Chi Minh City",
        "addr:district": "Quận 5",
        "addr:housenumber": "260",
        "addr:street": "Trần Hưng Đạo",
        "addr:subdistrict": "Phường 6",
        "air_conditioning": "yes",
        "amenity": "cafe",
        "branch": "Chợ Lớn",
        "brand": "S'mores Saigon",
        "cuisine": "coffee_shop",
        "internet_access": "wlan",
        "internet_access:fee": "customers",
        "name": "S'mores Chợ Lớn",
        "outdoor_seating": "no",
        "power_supply": "yes"
      },
      "geometry": {
        "type": "Point",
        "coordinates": [
          106.6666331,
          10.7523446
        ]
      },
      "id": "node/12531408215"
    },
    {
      "type": "Feature",
      "properties": {
        "@id": "node/12548490922",
        "addr:city": "Ho Chi Minh City",
        "addr:district": "Quận 8",
        "addr:housenumber": "337B",
        "addr:street": "Bến Bình Đông",
        "addr:subdistrict": "Phường 13",
        "air_conditioning": "yes",
        "amenity": "cafe",
        "check_date": "2025-02-01",
        "cuisine": "coffee_shop",
        "internet_access": "wlan",
        "internet_access:fee": "customers",
        "name": "Zerus Caffe",
        "opening_hours": "Mo-Su 07:00-23:00",
        "phone": "+84945181181",
        "takeaway": "yes",
        "toilets": "yes",
        "toilets:access": "customers",
        "toilets:unisex": "no",
        "toilets:wheelchair": "no"
      },
      "geometry": {
        "type": "Point",
        "coordinates": [
          106.6603301,
          10.7481138
        ]
      },
      "id": "node/12548490922"
    },
    {
      "type": "Feature",
      "properties": {
        "@id": "node/12548580923",
        "amenity": "fast_food",
        "check_date": "2025-02-01",
        "cuisine": "chinese",
        "name": "Út Nhung Xóm Củi"
      },
      "geometry": {
        "type": "Point",
        "coordinates": [
          106.6605679,
          10.7465057
        ]
      },
      "id": "node/12548580923"
    },
    {
      "type": "Feature",
      "properties": {
        "@id": "node/12549054628",
        "addr:city": "Ho Chi Minh City",
        "addr:district": "Quận 5",
        "addr:housenumber": "136",
        "addr:street": "Hồng Bàng",
        "addr:subdistrict": "Phường 12",
        "amenity": "cafe",
        "branch": "Hồng Bàng",
        "brand": "KAI Coffee",
        "cuisine": "coffee_shop",
        "internet_access": "wlan",
        "internet_access:fee": "customers",
        "name": "KAI Coffee Hồng Bàng"
      },
      "geometry": {
        "type": "Point",
        "coordinates": [
          106.660206,
          10.7550936
        ]
      },
      "id": "node/12549054628"
    },
    {
      "type": "Feature",
      "properties": {
        "@id": "node/12550754326",
        "amenity": "restaurant",
        "check_date": "2025-02-02",
        "cuisine": "vietnamese",
        "name": "Hủ tiếu mực",
        "opening_hours": "05:30-21:30",
        "phone": "+84 778810315"
      },
      "geometry": {
        "type": "Point",
        "coordinates": [
          106.6621337,
          10.7644026
        ]
      },
      "id": "node/12550754326"
    },
    {
      "type": "Feature",
      "properties": {
        "@id": "node/12550759028",
        "amenity": "cafe",
        "check_date": "2025-02-02",
        "cuisine": "coffee_shop",
        "internet_access": "wlan",
        "internet_access:fee": "customers",
        "name": "The Thousand Beans",
        "payment:cards": "no",
        "payment:cash": "yes",
        "payment:credit_cards": "no",
        "payment:debit_cards": "no"
      },
      "geometry": {
        "type": "Point",
        "coordinates": [
          106.6640859,
          10.7669375
        ]
      },
      "id": "node/12550759028"
    },
    {
      "type": "Feature",
      "properties": {
        "@id": "node/12568787480",
        "historic": "memorial",
        "name": "Bia tưởng niệm Nam Bộ Kháng chiến"
      },
      "geometry": {
        "type": "Point",
        "coordinates": [
          106.6834912,
          10.749041
        ]
      },
      "id": "node/12568787480"
    },
    {
      "type": "Feature",
      "properties": {
        "@id": "node/12656679155",
        "addr:city": "Ho Chi Minh City",
        "addr:district": "Quan 3",
        "addr:housenumber": "543/35-37",
        "addr:postcode": "700000",
        "addr:province": "Thành phố Hồ Chí Minh",
        "addr:street": "Nguyễn Đình Chiểu",
        "addr:subdistrict": "Phường 2",
        "beauty": "skin_care;cosmetics;hair;massage;spa",
        "name": "Hebe - Healing & Beauty",
        "opening_hours": "Mo-Su 09:00-21:00",
        "operator": "Hebe - Healing & Beauty",
        "payment:apple_pay": "yes",
        "payment:jcb": "yes",
        "payment:visa": "yes",
        "phone": "0888666902",
        "shop": "beauty"
      },
      "geometry": {
        "type": "Point",
        "coordinates": [
          106.6814031,
          10.7677799
        ]
      },
      "id": "node/12656679155"
    },
    {
      "type": "Feature",
      "properties": {
        "@id": "node/12709323330",
        "addr:city": "Ho Chi Minh City",
        "addr:district": "Quận 10",
        "addr:housenumber": "91K Cư Xá Lý Thường Kiệt",
        "addr:province": "Thành phố Hồ Chí Minh",
        "addr:subdistrict": "Phường 7",
        "air_conditioning": "no",
        "amenity": "restaurant",
        "bar": "no",
        "contact:facebook": "https://www.facebook.com/p/Pizza-Piatto-100078662955818/",
        "contact:instagram": "https://www.instagram.com/pizzapiattosg/",
        "cuisine": "pizza",
        "delivery": "yes",
        "diet:vegetarian": "yes",
        "name": "Pizza Piatto",
        "opening_hours": "Mo-Fr 17:30-19:45; Sa 11:00-19:45",
        "takeaway": "yes"
      },
      "geometry": {
        "type": "Point",
        "coordinates": [
          106.6617334,
          10.7608131
        ]
      },
      "id": "node/12709323330"
    },
    {
      "type": "Feature",
      "properties": {
        "@id": "node/12799683291",
        "amenity": "fast_food",
        "brand": "Lotteria",
        "cuisine": "burger",
        "name": "Lotteria",
        "takeaway": "yes"
      },
      "geometry": {
        "type": "Point",
        "coordinates": [
          106.6473695,
          10.7497211
        ]
      },
      "id": "node/12799683291"
    },
    {
      "type": "Feature",
      "properties": {
        "@id": "node/12799683300",
        "addr:housenumber": "1120",
        "addr:street": "Đường 3 Tháng 2",
        "amenity": "ice_cream",
        "name": "Kem Vĩnh Sanh"
      },
      "geometry": {
        "type": "Point",
        "coordinates": [
          106.653374,
          10.7604234
        ]
      },
      "id": "node/12799683300"
    },
    {
      "type": "Feature",
      "properties": {
        "@id": "node/12816068729",
        "addr:housenumber": "9",
        "amenity": "cafe",
        "name": "Napoly"
      },
      "geometry": {
        "type": "Point",
        "coordinates": [
          106.6574913,
          10.7483028
        ]
      },
      "id": "node/12816068729"
    },
    {
      "type": "Feature",
      "properties": {
        "@id": "node/12816068737",
        "addr:housenumber": "4",
        "addr:street": "Đường Ngô Quyền",
        "amenity": "restaurant",
        "cuisine": "pizza",
        "name": "Pizza 777",
        "takeaway": "yes"
      },
      "geometry": {
        "type": "Point",
        "coordinates": [
          106.6670956,
          10.7508107
        ]
      },
      "id": "node/12816068737"
    },
    {
      "type": "Feature",
      "properties": {
        "@id": "node/12823521141",
        "addr:district": "Quận 5",
        "addr:housenumber": "337/84",
        "addr:street": "Hẻm 377 Lê Đại Hành",
        "addr:subdistrict": "Phường 11",
        "air_conditioning": "no",
        "amenity": "restaurant",
        "bar": "no",
        "cuisine": "italian;pizza",
        "internet_access": "yes",
        "internet_access:fee": "no",
        "name": "Pizza Phú",
        "opening_hours": "15:30-21:30",
        "takeaway": "yes"
      },
      "geometry": {
        "type": "Point",
        "coordinates": [
          106.652917,
          10.7664879
        ]
      },
      "id": "node/12823521141"
    },
    {
      "type": "Feature",
      "properties": {
        "@id": "node/12846784897",
        "addr:housenumber": "14",
        "addr:street": "Đường Nguyễn Chí Thanh",
        "air_conditioning": "yes",
        "amenity": "restaurant",
        "check_date": "2025-05-18",
        "cuisine": "vietnamese;sushi;chinese",
        "diet:gluten_free": "yes",
        "diet:vegan": "yes",
        "diet:vegetarian": "only",
        "indoor_seating": "yes",
        "name": "Bếp Chay Nhân Duyên",
        "outdoor_seating": "no",
        "phone": "+84937039039",
        "smoking": "no",
        "website": "https://chaynhanduyen.com",
        "wheelchair": "no"
      },
      "geometry": {
        "type": "Point",
        "coordinates": [
          106.6742486,
          10.761144
        ]
      },
      "id": "node/12846784897"
    },
    {
      "type": "Feature",
      "properties": {
        "@id": "node/12896233546",
        "addr:district": "Quận 11",
        "addr:floor": "1-5",
        "addr:housenumber": "968",
        "addr:province": "Thành phố Hồ Chí Minh",
        "addr:street": "Đường 3 Tháng 2",
        "addr:subdistrict": "Phường 15",
        "brand": "Lotte Department Store",
        "brand:wikidata": "Q489905",
        "level": "1;2;3;4;5",
        "name": "Lotte Department Store",
        "opening_hours": "08:00-22:00",
        "shop": "department_store"
      },
      "geometry": {
        "type": "Point",
        "coordinates": [
          106.6573009,
          10.7625408
        ]
      },
      "id": "node/12896233546"
    },
    {
      "type": "Feature",
      "properties": {
        "@id": "node/12973583376",
        "air_conditioning": "yes",
        "amenity": "restaurant",
        "cuisine": "vietnamese;hotpot;noodle",
        "diet:gluten_free": "yes",
        "diet:vegan": "yes",
        "diet:vegetarian": "only",
        "indoor_seating": "yes",
        "name": "A Nan Chay",
        "opening_hours": "Mo-Su 15:00-21:00",
        "outdoor_seating": "no",
        "phone": "+84943032745",
        "smoking": "no",
        "wheelchair": "yes"
      },
      "geometry": {
        "type": "Point",
        "coordinates": [
          106.6470856,
          10.7632509
        ]
      },
      "id": "node/12973583376"
    },
    {
      "type": "Feature",
      "properties": {
        "@id": "node/13146961820",
        "air_conditioning": "yes",
        "amenity": "restaurant",
        "cuisine": "cantonese;vietnamese",
        "diet:gluten_free": "yes",
        "diet:halal": "yes",
        "diet:vegan": "yes",
        "diet:vegetarian": "only",
        "indoor_seating": "yes",
        "name": "Chay Thiện Quang",
        "opening_hours": "Mo-Su 10:00-21:00",
        "outdoor_seating": "sidewalk",
        "phone": "+84376188868",
        "smoking": "no",
        "toilets:wheelchair": "no",
        "wheelchair": "limited"
      },
      "geometry": {
        "type": "Point",
        "coordinates": [
          106.6611946,
          10.7593199
        ]
      },
      "id": "node/13146961820"
    },
    {
      "type": "Feature",
      "properties": {
        "@id": "node/13254513573",
        "addr:housenumber": "004 Lô C",
        "addr:street": "Chung cư Ngô Quyền",
        "amenity": "cafe",
        "name": "Phúc Nguyên"
      },
      "geometry": {
        "type": "Point",
        "coordinates": [
          106.6658591,
          10.7584774
        ]
      },
      "id": "node/13254513573"
    },
    {
      "type": "Feature",
      "properties": {
        "@id": "node/13254513574",
        "addr:housenumber": "003 Lô C",
        "addr:street": "Chung cư Ngô Quyền",
        "amenity": "cafe",
        "name": "Hoa Phong"
      },
      "geometry": {
        "type": "Point",
        "coordinates": [
          106.6658726,
          10.7584187
        ]
      },
      "id": "node/13254513574"
    },
    {
      "type": "Feature",
      "properties": {
        "@id": "node/13254513575",
        "addr:housenumber": "002 Lô C",
        "addr:street": "Chung cư Ngô Quyền",
        "amenity": "food_court",
        "name": "Bà Tám"
      },
      "geometry": {
        "type": "Point",
        "coordinates": [
          106.6658901,
          10.7583431
        ]
      },
      "id": "node/13254513575"
    },
    {
      "type": "Feature",
      "properties": {
        "@id": "node/13254513576",
        "addr:housenumber": "002 Lô C",
        "addr:street": "Chung cư Ngô Quyền",
        "amenity": "cafe",
        "name": "Quyn"
      },
      "geometry": {
        "type": "Point",
        "coordinates": [
          106.6658979,
          10.7583091
        ]
      },
      "id": "node/13254513576"
    },
    {
      "type": "Feature",
      "properties": {
        "@id": "node/13254546377",
        "addr:housenumber": "137E",
        "addr:street": "Đường Nguyễn Chí Thanh",
        "leisure": "fitness_centre",
        "name": "Shefit",
        "sport": "gymnastics"
      },
      "geometry": {
        "type": "Point",
        "coordinates": [
          106.6665957,
          10.7593221
        ]
      },
      "id": "node/13254546377"
    },
    {
      "type": "Feature",
      "properties": {
        "@id": "node/13285015463",
        "air_conditioning": "no",
        "amenity": "restaurant",
        "changing_table": "no",
        "cuisine": "vietnamese",
        "diet:gluten_free": "yes",
        "diet:halal": "yes",
        "diet:vegan": "yes",
        "diet:vegetarian": "only",
        "indoor_seating": "yes",
        "name": "Ẩm Thực Chay Thôi Kệ - Lạc An",
        "opening_hours": "Mo-Su 06:30-20:30",
        "outdoor_seating": "sidewalk",
        "phone": "+84938038260",
        "smoking": "no",
        "wheelchair": "no"
      },
      "geometry": {
        "type": "Point",
        "coordinates": [
          106.6679605,
          10.764443
        ]
      },
      "id": "node/13285015463"
    },
    {
      "type": "Feature",
      "properties": {
        "@id": "node/13359212516",
        "air_conditioning": "no",
        "amenity": "restaurant",
        "cuisine": "vietnamese",
        "diet:gluten_free": "yes",
        "diet:halal": "yes",
        "diet:vegan": "yes",
        "diet:vegetarian": "only",
        "indoor_seating": "yes",
        "name": "Quán Chay Trúc Lâm Bồ Đề",
        "outdoor_seating": "no",
        "smoking": "no",
        "wheelchair": "no"
      },
      "geometry": {
        "type": "Point",
        "coordinates": [
          106.6630455,
          10.7652672
        ]
      },
      "id": "node/13359212516"
    },
    {
      "type": "Feature",
      "properties": {
        "@id": "node/13359804522",
        "addr:housenumber": "155-157-159-161",
        "addr:street": "Đường Nguyễn Tri Phương",
        "amenity": "restaurant",
        "cuisine": "seafood",
        "name": "157"
      },
      "geometry": {
        "type": "Point",
        "coordinates": [
          106.6694325,
          10.7557038
        ]
      },
      "id": "node/13359804522"
    },
    {
      "type": "Feature",
      "properties": {
        "@id": "node/13359804524",
        "addr:housenumber": "173",
        "addr:street": "Đường Nguyễn Tri Phương",
        "amenity": "restaurant",
        "name": "Mìng Sấm"
      },
      "geometry": {
        "type": "Point",
        "coordinates": [
          106.6694462,
          10.7559957
        ]
      },
      "id": "node/13359804524"
    },
    {
      "type": "Feature",
      "properties": {
        "@id": "node/13359804543",
        "addr:housenumber": "135",
        "addr:street": "Đường Nguyễn Tri Phương",
        "amenity": "restaurant",
        "cuisine": "seafood",
        "name": "Hân"
      },
      "geometry": {
        "type": "Point",
        "coordinates": [
          106.6694082,
          10.7551849
        ]
      },
      "id": "node/13359804543"
    },
    {
      "type": "Feature",
      "properties": {
        "@id": "node/13359804697",
        "historic": "memorial"
      },
      "geometry": {
        "type": "Point",
        "coordinates": [
          106.6683599,
          10.7562766
        ]
      },
      "id": "node/13359804697"
    },
    {
      "type": "Feature",
      "properties": {
        "@id": "node/13359804793",
        "addr:housenumber": "122-124-126",
        "addr:street": "Đường An Dương Vương",
        "amenity": "cafe",
        "name": "Beehive"
      },
      "geometry": {
        "type": "Point",
        "coordinates": [
          106.6687743,
          10.7567074
        ]
      },
      "id": "node/13359804793"
    },
    {
      "type": "Feature",
      "properties": {
        "@id": "node/13359804794",
        "addr:housenumber": "116",
        "addr:street": "Đường An Dương Vương",
        "amenity": "cafe",
        "name": "Trung Nguyên"
      },
      "geometry": {
        "type": "Point",
        "coordinates": [
          106.6690084,
          10.7567436
        ]
      },
      "id": "node/13359804794"
    },
    {
      "type": "Feature",
      "properties": {
        "@id": "node/13359804795",
        "addr:housenumber": "116",
        "addr:street": "Đường An Dương Vương",
        "amenity": "cafe",
        "name": "JuiceTime"
      },
      "geometry": {
        "type": "Point",
        "coordinates": [
          106.6689795,
          10.756741
        ]
      },
      "id": "node/13359804795"
    },
    {
      "type": "Feature",
      "properties": {
        "@id": "node/13364319483",
        "addr:housenumber": "648",
        "addr:street": "Đường Nguyễn Trãi",
        "amenity": "restaurant",
        "name": "Hai Lúa"
      },
      "geometry": {
        "type": "Point",
        "coordinates": [
          106.6641951,
          10.7538371
        ]
      },
      "id": "node/13364319483"
    },
    {
      "type": "Feature",
      "properties": {
        "@id": "node/13396683121",
        "amenity": "restaurant",
        "name": "Bò kho gánh"
      },
      "geometry": {
        "type": "Point",
        "coordinates": [
          106.6729985,
          10.7617853
        ]
      },
      "id": "node/13396683121"
    },
    {
      "type": "Feature",
      "properties": {
        "@id": "node/13396887402",
        "name": "V&M",
        "tourism": "hotel"
      },
      "geometry": {
        "type": "Point",
        "coordinates": [
          106.6763492,
          10.7627722
        ]
      },
      "id": "node/13396887402"
    },
    {
      "type": "Feature",
      "properties": {
        "@id": "node/13396982250",
        "amenity": "restaurant",
        "name": "Lẩu gà cơ bắp"
      },
      "geometry": {
        "type": "Point",
        "coordinates": [
          106.6759719,
          10.7637659
        ]
      },
      "id": "node/13396982250"
    },
    {
      "type": "Feature",
      "properties": {
        "@id": "node/13420538681",
        "addr:housenumber": "46",
        "addr:street": "Đường Lê Hồng Phong",
        "amenity": "cafe",
        "diet:vegetarian": "only",
        "name": "Phong Phú",
        "takeaway": "only"
      },
      "geometry": {
        "type": "Point",
        "coordinates": [
          106.6789077,
          10.7552304
        ]
      },
      "id": "node/13420538681"
    },
    {
      "type": "Feature",
      "properties": {
        "@id": "node/13437398447",
        "amenity": "cafe",
        "name": "Sip & Savour"
      },
      "geometry": {
        "type": "Point",
        "coordinates": [
          106.6590237,
          10.7677537
        ]
      },
      "id": "node/13437398447"
    },
    {
      "type": "Feature",
      "properties": {
        "@id": "node/13469966591",
        "addr:housenumber": "639",
        "addr:street": "Đường Nguyễn Trãi",
        "name": "Nhuệ Phong",
        "shop": "books"
      },
      "geometry": {
        "type": "Point",
        "coordinates": [
          106.6634709,
          10.7532992
        ]
      },
      "id": "node/13469966591"
    },
    {
      "type": "Feature",
      "properties": {
        "@id": "node/13469966594",
        "addr:housenumber": "639A",
        "addr:street": "Đường Nguyễn Trãi",
        "name": "Mỹ Hạnh",
        "shop": "florist"
      },
      "geometry": {
        "type": "Point",
        "coordinates": [
          106.6633458,
          10.7532754
        ]
      },
      "id": "node/13469966594"
    },
    {
      "type": "Feature",
      "properties": {
        "@id": "node/13469966595",
        "addr:housenumber": "639B",
        "addr:street": "Đường Nguyễn Trãi",
        "amenity": "restaurant",
        "cuisine": "vietnamese",
        "noname": "yes"
      },
      "geometry": {
        "type": "Point",
        "coordinates": [
          106.6633215,
          10.7532709
        ]
      },
      "id": "node/13469966595"
    },
    {
      "type": "Feature",
      "properties": {
        "@id": "node/13478925187",
        "air_conditioning": "no",
        "amenity": "restaurant",
        "cuisine": "cantonese;chinese;vietnamese",
        "diet:gluten_free": "yes",
        "diet:halal": "yes",
        "diet:vegan": "yes",
        "diet:vegetarian": "only",
        "indoor_seating": "yes",
        "name": "Tiệm Chay Tường Viên",
        "opening_hours": "Mo-Su 06:00-21:00",
        "outdoor_seating": "no",
        "phone": "+842862758938",
        "smoking": "no",
        "wheelchair": "no"
      },
      "geometry": {
        "type": "Point",
        "coordinates": [
          106.6766871,
          10.7550176
        ]
      },
      "id": "node/13478925187"
    },
    {
      "type": "Feature",
      "properties": {
        "@id": "node/13521003827",
        "addr:housenumber": "1029B",
        "addr:street": "Đường Nguyễn Trãi",
        "amenity": "restaurant",
        "cuisine": "vietnamese",
        "name": "Anh Thư"
      },
      "geometry": {
        "type": "Point",
        "coordinates": [
          106.6521073,
          10.752833
        ]
      },
      "id": "node/13521003827"
    },
    {
      "type": "Feature",
      "properties": {
        "@id": "node/13521003828",
        "addr:housenumber": "1029E-1029F",
        "addr:street": "Đường Nguyễn Trãi",
        "amenity": "restaurant",
        "cuisine": "vietnamese",
        "name": "Cơm 67"
      },
      "geometry": {
        "type": "Point",
        "coordinates": [
          106.651994,
          10.7528617
        ]
      },
      "id": "node/13521003828"
    },
    {
      "type": "Feature",
      "properties": {
        "@id": "node/13521003829",
        "addr:housenumber": "1029H-1029I",
        "addr:street": "Đường Nguyễn Trãi",
        "amenity": "cafe",
        "name": "Nắng Cafe"
      },
      "geometry": {
        "type": "Point",
        "coordinates": [
          106.6519056,
          10.7528841
        ]
      },
      "id": "node/13521003829"
    },
    {
      "type": "Feature",
      "properties": {
        "@id": "node/13521003833",
        "addr:housenumber": "1029C",
        "addr:street": "Đường Nguyễn Trãi",
        "amenity": "cafe",
        "name": "Vĩnh Khang",
        "takeaway": "only"
      },
      "geometry": {
        "type": "Point",
        "coordinates": [
          106.6520677,
          10.7528431
        ]
      },
      "id": "node/13521003833"
    },
    {
      "type": "Feature",
      "properties": {
        "@id": "node/13523383058",
        "addr:housenumber": "1034",
        "addr:street": "Đường Nguyễn Trãi",
        "amenity": "cafe",
        "name": "Passio"
      },
      "geometry": {
        "type": "Point",
        "coordinates": [
          106.651869,
          10.7531302
        ]
      },
      "id": "node/13523383058"
    },
    {
      "type": "Feature",
      "properties": {
        "@id": "node/13523948124",
        "addr:housenumber": "980",
        "addr:street": "Đường Nguyễn Trãi",
        "leisure": "fitness_centre",
        "name": "Pranava Yoga",
        "sport": "yoga"
      },
      "geometry": {
        "type": "Point",
        "coordinates": [
          106.6530995,
          10.7528562
        ]
      },
      "id": "node/13523948124"
    },
    {
      "type": "Feature",
      "properties": {
        "@id": "node/13532931601",
        "amenity": "marketplace",
        "name": "Khu chợ nhỏ",
        "opening_hours": "Mo-Su 06:30-11:00"
      },
      "geometry": {
        "type": "Point",
        "coordinates": [
          106.6637171,
          10.767958
        ]
      },
      "id": "node/13532931601"
    },
    {
      "type": "Feature",
      "properties": {
        "@id": "node/13535761476",
        "addr:city": "Ho Chi Minh City",
        "addr:district": "Quận 10",
        "addr:housenumber": "252",
        "addr:street": "Lý Thái Tổ",
        "addr:subdistrict": "Phường 01",
        "amenity": "restaurant",
        "cuisine": "sticky_rice",
        "name": "Xôi Bình Tiên"
      },
      "geometry": {
        "type": "Point",
        "coordinates": [
          106.6766746,
          10.7670949
        ]
      },
      "id": "node/13535761476"
    },
    {
      "type": "Feature",
      "properties": {
        "@id": "node/13541335703",
        "amenity": "restaurant",
        "cuisine": "seafood",
        "name": "Oc Dao"
      },
      "geometry": {
        "type": "Point",
        "coordinates": [
          106.6846551,
          10.7652142
        ]
      },
      "id": "node/13541335703"
    },
    {
      "type": "Feature",
      "properties": {
        "@id": "node/13580481802",
        "amenity": "restaurant",
        "name": "Duyến Ký"
      },
      "geometry": {
        "type": "Point",
        "coordinates": [
          106.6627352,
          10.7517208
        ]
      },
      "id": "node/13580481802"
    },
    {
      "type": "Feature",
      "properties": {
        "@id": "node/13589358763",
        "addr:housenumber": "1005",
        "addr:street": "Đường Nguyễn Trãi",
        "amenity": "cafe",
        "noname": "yes"
      },
      "geometry": {
        "type": "Point",
        "coordinates": [
          106.6526302,
          10.7527068
        ]
      },
      "id": "node/13589358763"
    },
    {
      "type": "Feature",
      "properties": {
        "@id": "node/13589358765",
        "amenity": "cafe",
        "name": "Katea"
      },
      "geometry": {
        "type": "Point",
        "coordinates": [
          106.6527589,
          10.7526619
        ]
      },
      "id": "node/13589358765"
    },
    {
      "type": "Feature",
      "properties": {
        "@id": "node/13607388956",
        "amenity": "restaurant",
        "changing_table": "no",
        "cuisine": "cantonese;vietnamese",
        "diet:gluten_free": "no",
        "diet:halal": "yes",
        "diet:vegan": "only",
        "diet:vegetarian": "only",
        "indoor_seating": "no",
        "name": "Hủ Tiếu Chay Chú Quang",
        "opening_hours": "Mo-Su 17:30-21:30",
        "outdoor_seating": "street",
        "smoking": "no",
        "wheelchair": "yes"
      },
      "geometry": {
        "type": "Point",
        "coordinates": [
          106.655196,
          10.7624821
        ]
      },
      "id": "node/13607388956"
    },
    {
      "type": "Feature",
      "properties": {
        "@id": "node/13623567412",
        "addr:housenumber": "22-24",
        "addr:street": "Đường Tản Đà",
        "name": "Tản Đà Hotel",
        "tourism": "hotel"
      },
      "geometry": {
        "type": "Point",
        "coordinates": [
          106.6647121,
          10.7511414
        ]
      },
      "id": "node/13623567412"
    },
    {
      "type": "Feature",
      "properties": {
        "@id": "node/13623567501",
        "addr:housenumber": "89",
        "addr:street": "Đường An Điềm",
        "beauty": "skin_care",
        "name": "Thảo Hút Mụn",
        "shop": "beauty"
      },
      "geometry": {
        "type": "Point",
        "coordinates": [
          106.6649354,
          10.7514715
        ]
      },
      "id": "node/13623567501"
    },
    {
      "type": "Feature",
      "properties": {
        "@id": "node/13625666305",
        "amenity": "restaurant",
        "name": "Thanh Dat"
      },
      "geometry": {
        "type": "Point",
        "coordinates": [
          106.6810554,
          10.7657079
        ]
      },
      "id": "node/13625666305"
    },
    {
      "type": "Feature",
      "properties": {
        "@id": "node/13629743723",
        "air_conditioning": "no",
        "amenity": "restaurant",
        "changing_table": "no",
        "diet:gluten_free": "no",
        "diet:halal": "only",
        "diet:vegan": "only",
        "diet:vegetarian": "only",
        "indoor_seating": "yes",
        "name": "Bún Riêu Chay",
        "opening_hours": "Mo-Su 11:00-20:00",
        "outdoor_seating": "no",
        "payment:credit_cards": "no",
        "payment:debit_cards": "no",
        "smoking": "no",
        "wheelchair": "yes"
      },
      "geometry": {
        "type": "Point",
        "coordinates": [
          106.6716847,
          10.7679322
        ]
      },
      "id": "node/13629743723"
    },
    {
      "type": "Feature",
      "properties": {
        "@id": "node/13629745380",
        "air_conditioning": "no",
        "amenity": "restaurant",
        "changing_table": "yes",
        "diet:gluten_free": "no",
        "diet:halal": "yes",
        "diet:vegan": "only",
        "diet:vegetarian": "only",
        "indoor_seating": "yes",
        "name": "Bún Riêu Chay",
        "outdoor_seating": "no",
        "payment:credit_cards": "no",
        "payment:debit_cards": "no",
        "smoking": "no",
        "wheelchair": "yes"
      },
      "geometry": {
        "type": "Point",
        "coordinates": [
          106.6716847,
          10.7679322
        ]
      },
      "id": "node/13629745380"
    },
    {
      "type": "Feature",
      "properties": {
        "@id": "node/13636192263",
        "addr:housenumber": "898-900",
        "addr:street": "Đường Nguyễn Trãi",
        "amenity": "restaurant",
        "cuisine": "vietnamese",
        "name": "Hủ tiếu mì Thuận Lợi"
      },
      "geometry": {
        "type": "Point",
        "coordinates": [
          106.6558494,
          10.7529552
        ]
      },
      "id": "node/13636192263"
    },
    {
      "type": "Feature",
      "properties": {
        "@id": "node/13636192264",
        "addr:housenumber": "892",
        "addr:street": "Đường Nguyễn Trãi",
        "name": "Tân Thành",
        "shop": "photo"
      },
      "geometry": {
        "type": "Point",
        "coordinates": [
          106.6559494,
          10.7529586
        ]
      },
      "id": "node/13636192264"
    },
    {
      "type": "Feature",
      "properties": {
        "@id": "node/13638074226",
        "amenity": "restaurant",
        "cuisine": "hotpot;cantonese;vietnamese",
        "diet:vegetarian": "only",
        "indoor_seating": "yes",
        "name": "Lẩu Chay Diệu Tài",
        "outdoor_seating": "no",
        "wheelchair": "no"
      },
      "geometry": {
        "type": "Point",
        "coordinates": [
          106.6752706,
          10.7497784
        ]
      },
      "id": "node/13638074226"
    },
    {
      "type": "Feature",
      "properties": {
        "@id": "node/13657260894",
        "addr:housenumber": "836-838",
        "addr:street": "Đường Nguyễn Trãi",
        "amenity": "restaurant",
        "cuisine": "vietnamese",
        "diet:vegetarian": "only",
        "name": "Bánh mì chay Nguyễn Trãi",
        "takeaway": "only"
      },
      "geometry": {
        "type": "Point",
        "coordinates": [
          106.6571361,
          10.7530131
        ]
      },
      "id": "node/13657260894"
    },
    {
      "type": "Feature",
      "properties": {
        "@id": "node/13667388817",
        "addr:housenumber": "798A",
        "addr:street": "Đường Nguyễn Trãi",
        "amenity": "restaurant",
        "cuisine": "chinese",
        "name": "Gà nướng Bia hơi Hồng Kông"
      },
      "geometry": {
        "type": "Point",
        "coordinates": [
          106.6582278,
          10.7530657
        ]
      },
      "id": "node/13667388817"
    },
    {
      "type": "Feature",
      "properties": {
        "@id": "node/13667388818",
        "addr:housenumber": "798C",
        "addr:street": "Đường Nguyễn Trãi",
        "name": "Cô Nữ",
        "shop": "craft"
      },
      "geometry": {
        "type": "Point",
        "coordinates": [
          106.6581658,
          10.7530639
        ]
      },
      "id": "node/13667388818"
    },
    {
      "type": "Feature",
      "properties": {
        "@id": "node/13667388873",
        "addr:housenumber": "822",
        "addr:street": "Đường Nguyễn Trãi",
        "amenity": "restaurant",
        "cuisine": "vietnamese",
        "name": "Tăng"
      },
      "geometry": {
        "type": "Point",
        "coordinates": [
          106.6574822,
          10.7530403
        ]
      },
      "id": "node/13667388873"
    },
    {
      "type": "Feature",
      "properties": {
        "@id": "node/13668396337",
        "addr:housenumber": "821",
        "addr:street": "Đường Nguyễn Trãi",
        "amenity": "place_of_worship",
        "name": "Đền thờ Họ Lê",
        "religion": "vietnamese_folk"
      },
      "geometry": {
        "type": "Point",
        "coordinates": [
          106.657727,
          10.7528088
        ]
      },
      "id": "node/13668396337"
    },
    {
      "type": "Feature",
      "properties": {
        "@id": "node/13668396346",
        "addr:housenumber": "817",
        "addr:street": "Đường Nguyễn Trãi",
        "name": "Cây cảnh Phong thuỷ",
        "shop": "florist"
      },
      "geometry": {
        "type": "Point",
        "coordinates": [
          106.6577914,
          10.7528749
        ]
      },
      "id": "node/13668396346"
    },
    {
      "type": "Feature",
      "properties": {
        "@id": "node/13668396348",
        "addr:housenumber": "823",
        "addr:street": "Đường Nguyễn Trãi",
        "amenity": "restaurant",
        "cuisine": "chinese",
        "name": "Tâm Ký Phá lấu"
      },
      "geometry": {
        "type": "Point",
        "coordinates": [
          106.6576888,
          10.7528718
        ]
      },
      "id": "node/13668396348"
    },
    {
      "type": "Feature",
      "properties": {
        "@id": "node/13668396353",
        "addr:housenumber": "200B",
        "addr:street": "Đường Phùng Hưng",
        "amenity": "restaurant",
        "cuisine": "chinese",
        "name": "Lý Hòa Trân Lạp vị gia",
        "takeaway": "only"
      },
      "geometry": {
        "type": "Point",
        "coordinates": [
          106.6574836,
          10.7528654
        ]
      },
      "id": "node/13668396353"
    },
    {
      "type": "Feature",
      "properties": {
        "@id": "node/13671357655",
        "air_conditioning": "no",
        "amenity": "restaurant",
        "changing_table": "no",
        "cuisine": "vietnamese",
        "diet:gluten_free": "yes",
        "diet:halal": "yes",
        "diet:vegan": "yes",
        "diet:vegetarian": "only",
        "indoor_seating": "yes",
        "name": "Cơm Chay Thanh Lương",
        "outdoor_seating": "no",
        "phone": "+842838552286",
        "smoking": "no",
        "wheelchair": "yes"
      },
      "geometry": {
        "type": "Point",
        "coordinates": [
          106.6666144,
          10.7672264
        ]
      },
      "id": "node/13671357655"
    },
    {
      "type": "Feature",
      "properties": {
        "@id": "node/13672126201",
        "addr:housenumber": "108b",
        "addr:street": "Phạm Viết Chánh",
        "amenity": "restaurant",
        "name": "Pho thang",
        "opening_hours": "Mo-Su 09:00-02:00"
      },
      "geometry": {
        "type": "Point",
        "coordinates": [
          106.6847937,
          10.767565
        ]
      },
      "id": "node/13672126201"
    },
    {
      "type": "Feature",
      "properties": {
        "@id": "node/13674296034",
        "amenity": "restaurant",
        "changing_table": "no",
        "cuisine": "vietnamese",
        "diet:gluten_free": "yes",
        "diet:halal": "yes",
        "diet:vegan": "only",
        "diet:vegetarian": "only",
        "indoor_seating": "no",
        "name": "Bếp Chay An Xanh",
        "outdoor_seating": "street",
        "smoking": "no",
        "toilets:wheelchair": "no",
        "wheelchair": "limited"
      },
      "geometry": {
        "type": "Point",
        "coordinates": [
          106.6791296,
          10.7672317
        ]
      },
      "id": "node/13674296034"
    },
    {
      "type": "Feature",
      "properties": {
        "@id": "node/13674785101",
        "addr:street": "Hẻm 105H Hồ Thị Kỷ",
        "amenity": "marketplace",
        "check_date": "2026-03-24",
        "check_date:opening_hours": "2026-03-24",
        "name": "Ho Thi Ky Food Street",
        "opening_hours": "Mo-Su 17:00-22:00"
      },
      "geometry": {
        "type": "Point",
        "coordinates": [
          106.6759674,
          10.7663423
        ]
      },
      "id": "node/13674785101"
    },
    {
      "type": "Feature",
      "properties": {
        "@id": "node/13684364388",
        "addr:housenumber": "84-86",
        "addr:street": "Đường Châu Văn Liêm",
        "name": "Song Kim",
        "tourism": "hotel"
      },
      "geometry": {
        "type": "Point",
        "coordinates": [
          106.6589957,
          10.7527396
        ]
      },
      "id": "node/13684364388"
    },
    {
      "type": "Feature",
      "properties": {
        "@id": "node/13722505442",
        "air_conditioning": "no",
        "amenity": "restaurant",
        "changing_table": "no",
        "cuisine": "vietnamese",
        "diet:gluten_free": "yes",
        "diet:halal": "yes",
        "diet:vegan": "only",
        "diet:vegetarian": "only",
        "indoor_seating": "yes",
        "name": "Cơm Tấm Chay 253",
        "outdoor_seating": "no",
        "payment:credit_cards": "no",
        "payment:debit_cards": "no",
        "smoking": "no",
        "wheelchair": "yes"
      },
      "geometry": {
        "type": "Point",
        "coordinates": [
          106.6717884,
          10.7588579
        ]
      },
      "id": "node/13722505442"
    },
    {
      "type": "Feature",
      "properties": {
        "@id": "node/13742629605",
        "amenity": "restaurant",
        "diet:vegetarian": "only",
        "name": "Cơm Chay Yến Mai"
      },
      "geometry": {
        "type": "Point",
        "coordinates": [
          106.6609185,
          10.7666041
        ]
      },
      "id": "node/13742629605"
    },
    {
      "type": "Feature",
      "properties": {
        "@id": "node/13754414105",
        "addr:housenumber": "669",
        "addr:street": "Đường Nguyễn Trãi",
        "amenity": "restaurant",
        "cuisine": "chinese",
        "name": "Bánh cuốn Quảng Đông"
      },
      "geometry": {
        "type": "Point",
        "coordinates": [
          106.662237,
          10.7530683
        ]
      },
      "id": "node/13754414105"
    },
    {
      "type": "Feature",
      "properties": {
        "@id": "node/13754414129",
        "addr:housenumber": "687",
        "addr:street": "Đường Nguyễn Trãi",
        "amenity": "cafe",
        "name": "Mát Trà"
      },
      "geometry": {
        "type": "Point",
        "coordinates": [
          106.6619034,
          10.7529957
        ]
      },
      "id": "node/13754414129"
    },
    {
      "type": "Feature",
      "properties": {
        "@id": "node/13754659002",
        "addr:housenumber": "27",
        "addr:street": "Đường Nguyễn Thiện Thuật",
        "amenity": "restaurant",
        "name": "Ginza"
      },
      "geometry": {
        "type": "Point",
        "coordinates": [
          106.6816121,
          10.7666089
        ]
      },
      "id": "node/13754659002"
    },
    {
      "type": "Feature",
      "properties": {
        "@id": "node/13757967501",
        "shop": "department_store"
      },
      "geometry": {
        "type": "Point",
        "coordinates": [
          106.6517079,
          10.7517757
        ]
      },
      "id": "node/13757967501"
    },
    {
      "type": "Feature",
      "properties": {
        "@id": "node/13757967502",
        "amenity": "restaurant"
      },
      "geometry": {
        "type": "Point",
        "coordinates": [
          106.6517149,
          10.7523241
        ]
      },
      "id": "node/13757967502"
    },
    {
      "type": "Feature",
      "properties": {
        "@id": "node/13757967601",
        "amenity": "restaurant"
      },
      "geometry": {
        "type": "Point",
        "coordinates": [
          106.6518487,
          10.7523052
        ]
      },
      "id": "node/13757967601"
    },
    {
      "type": "Feature",
      "properties": {
        "@id": "node/13817897423",
        "air_conditioning": "no",
        "amenity": "restaurant",
        "changing_table": "no",
        "cuisine": "vietnamese",
        "diet:gluten_free": "yes",
        "diet:halal": "yes",
        "diet:vegan": "yes",
        "diet:vegetarian": "only",
        "indoor_seating": "yes",
        "name": "Tiệm Chay Thong Thả",
        "opening_hours": "Mo-Su 10:00-22:00",
        "outdoor_seating": "parklet",
        "payment:credit_cards": "no",
        "payment:debit_cards": "no",
        "phone": "+84839748725",
        "smoking": "no",
        "wheelchair": "no"
      },
      "geometry": {
        "type": "Point",
        "coordinates": [
          106.6668168,
          10.7614217
        ]
      },
      "id": "node/13817897423"
    },
    {
      "type": "Feature",
      "properties": {
        "@id": "node/13893552810",
        "addr:housenumber": "2",
        "addr:street": "Đường Trần Hưng Ðạo",
        "amenity": "restaurant",
        "name": "Đồng Khánh Restaurant"
      },
      "geometry": {
        "type": "Point",
        "coordinates": [
          106.6717824,
          10.7530064
        ]
      },
      "id": "node/13893552810"
    },
    {
      "type": "Feature",
      "properties": {
        "@id": "node/13897981057",
        "addr:housenumber": "72",
        "addr:street": "Đường Trần Hưng Ðạo",
        "amenity": "cafe",
        "name": "Bạn"
      },
      "geometry": {
        "type": "Point",
        "coordinates": [
          106.6703908,
          10.7529119
        ]
      },
      "id": "node/13897981057"
    },
    {
      "type": "Feature",
      "properties": {
        "@id": "node/13897981058",
        "addr:housenumber": "70",
        "addr:street": "Đường Trần Hưng Ðạo",
        "name": "Huy Ép Biển số",
        "shop": "craft"
      },
      "geometry": {
        "type": "Point",
        "coordinates": [
          106.670426,
          10.7529149
        ]
      },
      "id": "node/13897981058"
    },
    {
      "type": "Feature",
      "properties": {
        "@id": "node/13897981065",
        "addr:housenumber": "46-48",
        "addr:street": "Đường Trần Hưng Ðạo",
        "amenity": "restaurant",
        "cuisine": "chinese",
        "name": "Đại Thống"
      },
      "geometry": {
        "type": "Point",
        "coordinates": [
          106.670864,
          10.752953
        ]
      },
      "id": "node/13897981065"
    },
    {
      "type": "Feature",
      "properties": {
        "@id": "node/13897994012",
        "addr:housenumber": "44",
        "addr:street": "Đường Trần Hưng Ðạo",
        "amenity": "restaurant",
        "cuisine": "chinese",
        "name": "Chú Thòn"
      },
      "geometry": {
        "type": "Point",
        "coordinates": [
          106.6709164,
          10.7529575
        ]
      },
      "id": "node/13897994012"
    }
  ]
}